alert_id,party_id,cycle_month,alert_score,threshold,rule_points,ml_points,cross_product_bonus,kyc_bonus,products_involved,n_rule_events,n_ml_events,scenarios_hit,n_triggering_accounts,linked_secondary_parties,party_first_name,party_last_name,party_dob,party_segment,party_occupation,party_annual_income,party_kyc_risk,party_pep_flag,party_state,party_onboarding_date,party_expected_monthly_credits,party_expected_monthly_cash,status,created_date
A-00001,P004897,2026-04,168.0,35,143.6,24.4,0.0,0.0,DEPOSIT,6,1,"M-ANOM-DEP, R-DEP-01, R-DEP-02, R-DEP-05, R-DEP-06",1,,Cheyenne,Cline,1987-04-30,MASS,Administrative Assistant,52100.0,LOW,False,CA,2011-10-07,4050.0,210.0,OPEN,2026-05-01
A-00002,P001248,2026-04,104.7,35,80.6,24.1,0.0,0.0,DEPOSIT,4,1,"M-ANOM-DEP, R-DEP-01, R-DEP-05",1,,Anthony,Lamb,1990-05-08,MASS_AFFLUENT,Accountant,128700.0,LOW,False,OH,2006-04-03,9290.0,160.0,OPEN,2026-05-01
A-00003,P000469,2026-04,99.8,35,75.0,24.8,0.0,0.0,DEPOSIT,2,1,"M-ANOM-DEP, R-DEP-05, R-DEP-06",1,,Rebecca,Grimes,2002-10-13,STUDENT,Student,16400.0,LOW,False,NC,2019-10-13,1020.0,100.0,OPEN,2026-05-01
A-00004,P001097,2026-04,96.7,35,26.4,50.3,15.0,5.0,"CARD,DEPOSIT,LOAN",1,3,"M-ANOM-DEP, M-ANOM-LN, R-XP-01",4,,Juan,Jones,2003-06-06,STUDENT,Student,8700.0,HIGH,False,NJ,2022-07-27,560.0,450.0,OPEN,2026-05-01
A-00005,P001779,2026-04,87.5,35,63.8,23.7,0.0,0.0,DEPOSIT,2,1,"M-ANOM-DEP, R-DEP-05, R-DEP-06",1,P005126 (JOINT),Melissa,Waters,1966-05-29,MASS,Administrative Assistant,28600.0,LOW,False,FL,2023-07-01,2160.0,0.0,OPEN,2026-05-01
A-00006,P002559,2026-04,79.2,35,58.9,20.3,0.0,0.0,DEPOSIT,2,1,"M-ANOM-DEP, R-DEP-03, R-DEP-06",1,P005295 (JOINT),Jeremy,Cisneros,1978-11-28,MASS,Customer Service Rep,66200.0,MEDIUM,False,FL,2021-06-27,4460.0,490.0,OPEN,2026-05-01
A-00007,P001651,2026-04,71.8,35,71.8,0.0,0.0,0.0,CARD,3,0,"R-CRD-02, R-XP-01",1,,Austin,Green,1971-03-13,MASS,Retail Associate,40900.0,MEDIUM,False,OH,2021-01-07,3030.0,370.0,OPEN,2026-05-01
A-00008,P000057,2026-04,64.2,35,32.8,21.4,10.0,0.0,"CARD,LOAN",2,1,"M-ANOM-CRD, R-CRD-05, R-LN-03",2,P005545 (AUTHORIZED_USER),Melissa,Evans,2001-01-11,STUDENT,Student,18600.0,LOW,False,IL,2022-02-19,1160.0,390.0,OPEN,2026-05-01
A-00009,P002876,2026-04,63.4,35,41.4,22.0,0.0,0.0,DEPOSIT,2,1,"M-ANOM-DEP, R-DEP-02",1,,Blake,Clark,1992-05-24,AFFLUENT,Dentist,178800.0,LOW,False,IL,2017-05-16,12390.0,220.0,OPEN,2026-05-01
A-00010,P004955,2026-04,58.4,35,40.0,18.4,0.0,0.0,DEPOSIT,2,1,"M-ANOM-DEP, R-DEP-01",1,,Brian,Stewart,1993-11-17,SELF_EMPLOYED,Hair Salon Owner,61500.0,LOW,False,PA,2025-07-20,3790.0,100000.0,OPEN,2026-05-01
A-00011,P002486,2026-04,57.5,35,40.6,16.9,0.0,0.0,DEPOSIT,2,1,"M-ANOM-DEP, R-DEP-01",1,,Michael,Moore,1969-06-11,SELF_EMPLOYED,Auto Repair Shop Owner,95300.0,LOW,False,NJ,2011-02-01,6890.0,100000.0,OPEN,2026-05-01
A-00012,P003923,2026-04,56.6,35,33.7,22.9,0.0,0.0,DEPOSIT,1,1,"M-ANOM-DEP, R-DEP-02",1,,Steven,Taylor,1965-11-15,MASS_AFFLUENT,Software Engineer,117900.0,LOW,False,MA,2018-02-08,9360.0,360.0,OPEN,2026-05-01
A-00013,P003417,2026-04,56.4,35,34.2,22.2,0.0,0.0,DEPOSIT,1,1,"M-ANOM-DEP, R-DEP-02",1,,Sean,Church,1977-07-10,AFFLUENT,Investment Banker,206800.0,LOW,False,WA,2022-11-02,12470.0,420.0,OPEN,2026-05-01
A-00014,P002741,2026-04,52.0,35,32.4,19.6,0.0,0.0,DEPOSIT,1,1,"M-ANOM-DEP, R-DEP-02",1,,Kyle,Allen,1967-03-03,AFFLUENT,Senior Executive,249000.0,LOW,False,TX,2015-04-17,15050.0,460.0,OPEN,2026-05-01
A-00015,P000586,2026-04,51.6,35,33.3,18.3,0.0,0.0,DEPOSIT,1,1,"M-ANOM-DEP, R-DEP-02",1,,Aaron,Jacobs,1966-05-02,AFFLUENT,Business Owner,201000.0,LOW,False,NY,2010-01-27,15780.0,80.0,OPEN,2026-05-01
A-00016,P000432,2026-04,51.4,35,31.5,19.9,0.0,0.0,DEPOSIT,1,1,"M-ANOM-DEP, R-DEP-06",1,,Jason,Hines,1974-02-25,SELF_EMPLOYED,Food Truck Owner,75300.0,LOW,False,MA,2009-08-03,5010.0,12190.0,OPEN,2026-05-01
A-00017,P001644,2026-04,51.4,35,31.7,19.7,0.0,0.0,DEPOSIT,1,1,"M-ANOM-DEP, R-DEP-02",1,,Nicholas,Fisher,1982-01-12,AFFLUENT,Attorney,184300.0,LOW,False,MI,2018-07-13,12340.0,440.0,OPEN,2026-05-01
A-00018,P003099,2026-04,51.4,35,32.2,19.2,0.0,0.0,DEPOSIT,1,1,"M-ANOM-DEP, R-DEP-02",1,,Kristine,Chen,1966-10-18,AFFLUENT,Business Owner,309600.0,LOW,False,OH,2012-03-12,21410.0,470.0,OPEN,2026-05-01
A-00019,P004574,2026-04,51.4,35,32.2,19.2,0.0,0.0,DEPOSIT,1,1,"M-ANOM-DEP, R-DEP-02",1,,Stephanie,Bishop,1995-10-15,AFFLUENT,Dentist,301100.0,LOW,False,WA,2014-08-08,19550.0,140.0,OPEN,2026-05-01
A-00020,P004645,2026-04,51.2,35,32.9,18.3,0.0,0.0,DEPOSIT,1,1,"M-ANOM-DEP, R-DEP-02",1,,Craig,Ellis,1969-07-24,AFFLUENT,Business Owner,189600.0,LOW,False,FL,2014-08-17,11820.0,170.0,OPEN,2026-05-01
A-00021,P002884,2026-04,51.1,35,37.5,13.6,0.0,0.0,DEPOSIT,2,1,"M-ANOM-DEP, R-DEP-01",1,,Amanda,Melton,1974-12-28,SELF_EMPLOYED,Hair Salon Owner,148700.0,LOW,False,NC,2021-02-07,10600.0,100000.0,OPEN,2026-05-01
A-00022,P002647,2026-04,50.7,35,34.1,16.6,0.0,0.0,DEPOSIT,1,1,"M-ANOM-DEP, R-DEP-02",1,,Dorothy,Wallace,1983-04-14,AFFLUENT,Attorney,405500.0,LOW,False,IL,2025-02-16,27840.0,20.0,OPEN,2026-05-01
A-00023,P000739,2026-04,50.4,35,32.2,18.2,0.0,0.0,DEPOSIT,1,1,"M-ANOM-DEP, R-DEP-02",1,,Allison,Watkins,1996-10-14,AFFLUENT,Business Owner,191200.0,LOW,False,OH,2021-07-14,13240.0,120.0,OPEN,2026-05-01
A-00024,P001387,2026-04,49.8,35,32.6,17.2,0.0,0.0,DEPOSIT,1,1,"M-ANOM-DEP, R-DEP-02",1,,Angela,Williams,1976-07-09,AFFLUENT,Senior Executive,332600.0,LOW,False,IL,2015-07-04,20790.0,10.0,OPEN,2026-05-01
A-00025,P004327,2026-04,49.7,35,33.6,16.1,0.0,0.0,DEPOSIT,1,1,"M-ANOM-DEP, R-DEP-02",1,,Chelsea,Allen,1989-07-08,AFFLUENT,Senior Executive,362400.0,LOW,False,MI,2009-08-12,27570.0,490.0,OPEN,2026-05-01
A-00026,P004352,2026-04,49.7,35,33.3,16.4,0.0,0.0,DEPOSIT,1,1,"M-ANOM-DEP, R-DEP-02",1,,Steven,Robinson,1972-02-29,AFFLUENT,Physician,270600.0,LOW,False,AZ,2008-08-20,17440.0,380.0,OPEN,2026-05-01
A-00027,P001367,2026-04,48.8,35,30.0,18.8,0.0,0.0,DEPOSIT,1,1,"M-ANOM-DEP, R-DEP-01",1,,Joseph,Russell,1965-11-18,SELF_EMPLOYED,Food Truck Owner,46100.0,LOW,False,CA,2012-08-25,3520.0,100000.0,OPEN,2026-05-01
A-00028,P002293,2026-04,48.3,35,30.5,12.8,0.0,5.0,DEPOSIT,1,1,"M-ANOM-DEP, R-DEP-06",1,,Jerry,King,1975-01-13,MASS,Warehouse Worker,31800.0,HIGH,False,VA,2005-07-27,2350.0,80.0,OPEN,2026-05-01
A-00029,P002360,2026-04,47.5,35,30.0,17.5,0.0,0.0,DEPOSIT,1,1,"M-ANOM-DEP, R-DEP-01",1,P003832 (JOINT),Danielle,Hernandez,1997-04-23,SELF_EMPLOYED,Food Truck Owner,106300.0,LOW,False,GA,2021-10-07,8240.0,100000.0,OPEN,2026-05-01
A-00030,P004360,2026-04,47.3,35,33.9,13.4,0.0,0.0,DEPOSIT,1,1,"M-ANOM-DEP, R-DEP-02",1,,James,Taylor,1964-11-13,AFFLUENT,Attorney,210300.0,LOW,False,MI,2022-05-10,15830.0,140.0,OPEN,2026-05-01
A-00031,P000686,2026-04,46.8,35,30.5,16.3,0.0,0.0,DEPOSIT,1,1,"M-ANOM-DEP, R-DEP-02",1,,Paul,Kim,1996-07-26,AFFLUENT,Dentist,368000.0,LOW,False,CA,2010-12-26,25250.0,140.0,OPEN,2026-05-01
A-00032,P004407,2026-04,46.6,35,33.7,12.9,0.0,0.0,DEPOSIT,1,1,"M-ANOM-DEP, R-DEP-02",1,,Brian,Fisher,1993-08-09,AFFLUENT,Attorney,393500.0,LOW,True,MI,2016-08-10,31250.0,360.0,OPEN,2026-05-01
A-00033,P001001,2026-04,45.7,35,30.3,15.4,0.0,0.0,DEPOSIT,1,1,"M-ANOM-DEP, R-DEP-06",1,,Teresa,Munoz,1968-12-21,MASS,Cook,32700.0,LOW,False,NJ,2009-01-24,2030.0,30.0,OPEN,2026-05-01
A-00034,P000085,2026-04,45.3,35,35.0,10.3,0.0,0.0,DEPOSIT,1,1,"M-ANOM-DEP, R-DEP-06",1,,Gregory,Gaines,2005-04-24,STUDENT,Student,19400.0,LOW,False,CA,2024-12-01,1210.0,30.0,OPEN,2026-05-01
A-00035,P004813,2026-04,44.2,35,20.7,23.5,0.0,0.0,CARD,1,1,"M-ANOM-CRD, R-CRD-01",1,P002433 (AUTHORIZED_USER),Hailey,Hill,1971-07-22,MASS,Electrician,31800.0,LOW,False,TX,2012-04-05,2530.0,260.0,OPEN,2026-05-01
A-00036,P004226,2026-04,42.4,35,20.0,22.4,0.0,0.0,CARD,1,1,"M-ANOM-CRD, R-CRD-01",1,,Peter,Parks,1978-02-04,MASS,Electrician,39400.0,LOW,False,NC,2025-08-23,2970.0,490.0,OPEN,2026-05-01
A-00037,P000979,2026-04,41.6,35,21.7,19.9,0.0,0.0,DEPOSIT,1,1,"M-ANOM-DEP, R-DEP-03",1,,Melissa,Clark,1986-10-10,MASS,Teacher,36600.0,LOW,False,NJ,2022-01-08,2330.0,150.0,OPEN,2026-05-01
A-00038,P003511,2026-04,41.6,35,20.0,21.6,0.0,0.0,DEPOSIT,1,1,"M-ANOM-DEP, R-DEP-03",1,P005171 (JOINT),Thomas,Mendoza,1971-09-17,SELF_EMPLOYED,Contractor,57100.0,MEDIUM,False,NJ,2018-09-15,4110.0,340.0,OPEN,2026-05-01
A-00039,P003997,2026-04,41.6,35,30.6,11.0,0.0,0.0,DEPOSIT,1,1,"M-ANOM-DEP, R-DEP-06",1,,Matthew,Greene,2007-12-12,STUDENT,Student,7700.0,LOW,False,MA,2020-02-04,580.0,310.0,OPEN,2026-05-01
A-00040,P003561,2026-04,41.3,35,30.4,10.9,0.0,0.0,DEPOSIT,1,1,"M-ANOM-DEP, R-DEP-06",1,,Jeffery,Brown,2000-10-28,MASS,Administrative Assistant,34800.0,LOW,False,NC,2015-12-12,2130.0,280.0,OPEN,2026-05-01
A-00041,P003592,2026-04,41.3,35,25.4,15.9,0.0,0.0,DEPOSIT,1,1,"M-ANOM-DEP, R-DEP-03",1,,Kristi,Frye,1983-10-09,MASS,Customer Service Rep,44000.0,MEDIUM,False,IL,2020-12-12,3280.0,340.0,OPEN,2026-05-01
A-00042,P003668,2026-04,40.6,35,21.2,19.4,0.0,0.0,CARD,1,1,"M-ANOM-CRD, R-CRD-01",1,P000270 (AUTHORIZED_USER),Cassandra,Moore,1972-05-30,MASS,Warehouse Worker,55000.0,MEDIUM,False,MA,2020-11-08,3790.0,290.0,OPEN,2026-05-01
A-00043,P000477,2026-04,40.2,35,40.2,0.0,0.0,0.0,DEPOSIT,1,0,R-DEP-06,1,,Ryan,Berry,1975-01-21,MASS,Administrative Assistant,67600.0,LOW,False,MI,2009-07-02,4380.0,230.0,OPEN,2026-05-01
A-00044,P002910,2026-04,40.1,35,20.8,19.3,0.0,0.0,DEPOSIT,1,1,"M-ANOM-DEP, R-DEP-03",1,,Stephanie,Martinez,1990-10-07,MASS,Customer Service Rep,67000.0,LOW,False,NC,2017-01-13,4270.0,220.0,OPEN,2026-05-01
A-00045,P000121,2026-04,38.5,35,12.0,16.5,10.0,0.0,"DEPOSIT,LOAN",1,1,"M-ANOM-DEP, R-LN-03",2,,Kyle,Montgomery,1971-08-03,SELF_EMPLOYED,Restaurant Owner,58400.0,MEDIUM,False,FL,2024-08-21,4630.0,100000.0,OPEN,2026-05-01
A-00046,P000145,2026-04,38.5,35,23.0,15.5,0.0,0.0,DEPOSIT,1,1,"M-ANOM-DEP, R-DEP-03",1,,Sherri,Woods,1991-01-03,MASS_AFFLUENT,Engineer,71600.0,LOW,False,FL,2025-08-18,4530.0,420.0,OPEN,2026-05-01
A-00047,P003467,2026-04,37.3,35,13.5,18.8,0.0,5.0,LOAN,1,1,"M-ANOM-LN, R-LN-03",1,,Keith,Cooley,2002-03-12,STUDENT,Student,6000.0,HIGH,False,MA,2024-12-13,450.0,20.0,OPEN,2026-05-01
A-00048,P000061,2026-04,35.9,35,23.1,12.8,0.0,0.0,CARD,1,1,"M-ANOM-CRD, R-CRD-02",1,,Natasha,Martin,1989-10-26,MASS,Nurse Aide,57200.0,LOW,False,PA,2022-02-05,3620.0,340.0,OPEN,2026-05-01
A-00049,P001634,2026-04,35.6,35,15.3,20.3,0.0,0.0,CARD,1,1,"M-ANOM-CRD, R-CRD-03",1,,Rebecca,House,1943-12-26,RETIREE,Retired,47600.0,LOW,False,NJ,2012-06-02,2900.0,100.0,OPEN,2026-05-01
A-00050,P002100,2026-04,35.5,35,20.4,15.1,0.0,0.0,CARD,1,1,"M-ANOM-CRD, R-CRD-01",1,,Thomas,Hebert,1985-10-22,MASS,Administrative Assistant,47600.0,LOW,False,PA,2009-04-08,3610.0,460.0,OPEN,2026-05-01
A-00051,P001551,2026-04,35.2,35,15.3,19.9,0.0,0.0,CARD,1,1,"M-ANOM-CRD, R-CRD-03",1,,Emily,Cortez,1962-02-24,RETIREE,Retired,79500.0,LOW,False,PA,2016-09-27,5630.0,90.0,OPEN,2026-05-01
A-00052,P003629,2026-04,35.2,35,20.8,14.4,0.0,0.0,CARD,1,1,"M-ANOM-CRD, R-CRD-01",1,,Rebecca,Ramirez,1969-07-24,MASS,Teacher,31400.0,LOW,False,MI,2009-06-25,2030.0,270.0,OPEN,2026-05-01
A-00053,P001697,2026-05,159.8,35,135.0,24.8,0.0,0.0,DEPOSIT,5,1,"M-ANOM-DEP, R-DEP-01, R-DEP-03, R-DEP-05, R-DEP-06",1,P005590 (JOINT),Barbara,Brown,2000-05-07,MASS,Administrative Assistant,63700.0,MEDIUM,False,AZ,2013-09-02,4040.0,260.0,OPEN,2026-06-01
A-00054,P001195,2026-05,136.5,35,112.5,24.0,0.0,0.0,DEPOSIT,5,1,"M-ANOM-DEP, R-DEP-01, R-DEP-05, R-DEP-06",1,P001333 (JOINT),James,Khan,1994-09-05,SELF_EMPLOYED,Consultant,90100.0,MEDIUM,False,OH,2023-05-11,5510.0,60.0,OPEN,2026-06-01
A-00055,P004897,2026-05,132.0,35,107.5,24.5,0.0,0.0,DEPOSIT,5,1,"M-ANOM-DEP, R-DEP-01, R-DEP-02, R-DEP-05",1,,Cheyenne,Cline,1987-04-30,MASS,Administrative Assistant,52100.0,LOW,False,CA,2011-10-07,4050.0,210.0,OPEN,2026-06-01
A-00056,P001446,2026-05,126.3,35,101.9,24.4,0.0,0.0,DEPOSIT,3,1,"M-ANOM-DEP, R-DEP-03, R-DEP-05, R-DEP-06",1,,Marc,Allen,1998-03-28,MASS,Driver,36700.0,MEDIUM,False,MI,2013-10-20,2890.0,220.0,OPEN,2026-06-01
A-00057,P002858,2026-05,124.2,35,100.0,24.2,0.0,0.0,DEPOSIT,4,1,"M-ANOM-DEP, R-DEP-01, R-DEP-02, R-DEP-05",1,,Stephen,Phillips,1999-07-04,MASS_AFFLUENT,Accountant,109900.0,LOW,False,NJ,2007-04-01,7520.0,450.0,OPEN,2026-06-01
A-00058,P001248,2026-05,122.6,35,99.7,22.9,0.0,0.0,DEPOSIT,4,1,"M-ANOM-DEP, R-DEP-01, R-DEP-02, R-DEP-05",1,,Anthony,Lamb,1990-05-08,MASS_AFFLUENT,Accountant,128700.0,LOW,False,OH,2006-04-03,9290.0,160.0,OPEN,2026-06-01
A-00059,P003141,2026-05,120.3,35,95.6,24.7,0.0,0.0,DEPOSIT,3,1,"M-ANOM-DEP, R-DEP-03, R-DEP-05, R-DEP-06",1,P005369 (JOINT),Jennifer,Nielsen,1980-10-22,MASS,Warehouse Worker,67300.0,LOW,False,NC,2013-10-20,4540.0,10.0,OPEN,2026-06-01
A-00060,P002558,2026-05,103.1,35,52.5,35.6,15.0,0.0,"CARD,DEPOSIT,LOAN",2,2,"M-ANOM-CRD, M-ANOM-LN, R-CRD-04, R-XP-01",2,,Julia,Ortiz,1972-04-13,MASS_AFFLUENT,Software Engineer,142100.0,LOW,False,AZ,2005-03-18,10740.0,240.0,OPEN,2026-06-01
A-00061,P002479,2026-05,98.5,35,75.0,23.5,0.0,0.0,DEPOSIT,2,1,"M-ANOM-DEP, R-DEP-05, R-DEP-06",1,,Kevin,Blankenship,1996-01-10,MASS,Warehouse Worker,56900.0,LOW,False,NY,2020-01-07,4340.0,450.0,OPEN,2026-06-01
A-00062,P004078,2026-05,95.3,35,72.6,22.7,0.0,0.0,DEPOSIT,2,1,"M-ANOM-DEP, R-DEP-05, R-DEP-06",1,,Susan,Crawford,1988-06-23,MASS,Driver,66800.0,MEDIUM,False,MA,2021-10-26,5170.0,230.0,OPEN,2026-06-01
A-00063,P000469,2026-05,89.1,35,64.9,24.2,0.0,0.0,DEPOSIT,2,1,"M-ANOM-DEP, R-DEP-05, R-DEP-06",1,,Rebecca,Grimes,2002-10-13,STUDENT,Student,16400.0,LOW,False,NC,2019-10-13,1020.0,100.0,OPEN,2026-06-01
A-00064,P000883,2026-05,88.2,35,62.5,15.7,10.0,0.0,"CARD,DEPOSIT",2,1,"M-ANOM-DEP, R-CRD-02, R-DEP-02",2,,John,Long,1979-02-17,AFFLUENT,Senior Executive,375900.0,LOW,False,GA,2012-04-21,25380.0,110.0,OPEN,2026-06-01
A-00065,P000121,2026-05,86.1,35,59.5,16.6,10.0,0.0,"DEPOSIT,LOAN",4,1,"M-ANOM-DEP, R-DEP-01, R-LN-03",2,,Kyle,Montgomery,1971-08-03,SELF_EMPLOYED,Restaurant Owner,58400.0,MEDIUM,False,FL,2024-08-21,4630.0,100000.0,OPEN,2026-06-01
A-00066,P000581,2026-05,85.0,35,59.5,20.5,0.0,5.0,DEPOSIT,2,1,"M-ANOM-DEP, R-DEP-03, R-DEP-06",1,,Danny,Ward,2000-07-30,MASS,Electrician,39800.0,HIGH,False,MA,2012-08-27,3150.0,420.0,OPEN,2026-06-01
A-00067,P001779,2026-05,84.9,35,60.0,24.9,0.0,0.0,DEPOSIT,2,1,"M-ANOM-DEP, R-DEP-03, R-DEP-05",1,P005126 (JOINT),Melissa,Waters,1966-05-29,MASS,Administrative Assistant,28600.0,LOW,False,FL,2023-07-01,2160.0,0.0,OPEN,2026-06-01
A-00068,P000830,2026-05,80.5,35,58.8,11.7,10.0,0.0,"CARD,DEPOSIT",2,1,"M-ANOM-DEP, R-DEP-05, R-XP-01",2,P000301 (JOINT),Alexis,Blevins,1990-01-30,MASS,Cook,58300.0,LOW,False,WA,2009-04-22,3760.0,470.0,OPEN,2026-06-01
A-00069,P002422,2026-05,76.2,35,52.2,24.0,0.0,0.0,CARD,2,1,"M-ANOM-CRD, R-CRD-04, R-XP-01",1,,Kristin,Anderson,1992-02-19,MASS,Cook,42300.0,MEDIUM,False,NY,2022-11-27,2770.0,220.0,OPEN,2026-06-01
A-00070,P002559,2026-05,76.2,35,55.3,20.9,0.0,0.0,DEPOSIT,2,1,"M-ANOM-DEP, R-DEP-03, R-DEP-06",1,P005295 (JOINT),Jeremy,Cisneros,1978-11-28,MASS,Customer Service Rep,66200.0,MEDIUM,False,FL,2021-06-27,4460.0,490.0,OPEN,2026-06-01
A-00071,P000662,2026-05,71.6,35,47.4,24.2,0.0,0.0,CARD,2,1,"M-ANOM-CRD, R-CRD-01, R-CRD-05",1,,Amber,Ramsey,1969-05-27,MASS,Nurse Aide,30700.0,LOW,False,FL,2018-02-26,2450.0,320.0,OPEN,2026-06-01
A-00072,P001367,2026-05,67.6,35,48.1,19.5,0.0,0.0,DEPOSIT,3,1,"M-ANOM-DEP, R-DEP-01",1,,Joseph,Russell,1965-11-18,SELF_EMPLOYED,Food Truck Owner,46100.0,LOW,False,CA,2012-08-25,3520.0,100000.0,OPEN,2026-06-01
A-00073,P000233,2026-05,64.7,35,41.4,23.3,0.0,0.0,DEPOSIT,2,1,"M-ANOM-DEP, R-DEP-02",1,,Donald,Green,1986-08-16,MASS_AFFLUENT,Pharmacist,109400.0,MEDIUM,False,PA,2021-08-04,8110.0,350.0,OPEN,2026-06-01
A-00074,P002744,2026-05,64.5,35,41.5,23.0,0.0,0.0,DEPOSIT,2,1,"M-ANOM-DEP, R-DEP-02",1,,Madison,Dougherty,1988-11-22,MASS_AFFLUENT,Project Manager,100300.0,MEDIUM,False,GA,2015-10-02,6850.0,130.0,OPEN,2026-06-01
A-00075,P000925,2026-05,61.5,35,51.5,0.0,10.0,0.0,"CARD,DEPOSIT",2,0,"R-DEP-05, R-XP-01",2,P005161 (AUTHORIZED_USER); P004277 (JOINT),Emily,Howard,1989-03-17,MASS,Warehouse Worker,55300.0,LOW,False,MA,2024-05-07,4180.0,500.0,OPEN,2026-06-01
A-00076,P003070,2026-05,57.6,35,42.9,14.7,0.0,0.0,DEPOSIT,2,1,"M-ANOM-DEP, R-DEP-02",1,,Jasmine,Kirby,1994-04-08,AFFLUENT,Senior Executive,338300.0,LOW,False,OH,2020-06-09,26470.0,120.0,OPEN,2026-06-01
A-00077,P002486,2026-05,55.2,35,37.5,17.7,0.0,0.0,DEPOSIT,2,1,"M-ANOM-DEP, R-DEP-01",1,,Michael,Moore,1969-06-11,SELF_EMPLOYED,Auto Repair Shop Owner,95300.0,LOW,False,NJ,2011-02-01,6890.0,100000.0,OPEN,2026-06-01
A-00078,P003923,2026-05,55.2,35,32.8,22.4,0.0,0.0,DEPOSIT,1,1,"M-ANOM-DEP, R-DEP-02",1,,Steven,Taylor,1965-11-15,MASS_AFFLUENT,Software Engineer,117900.0,LOW,False,MA,2018-02-08,9360.0,360.0,OPEN,2026-06-01
A-00079,P001793,2026-05,53.7,35,33.6,20.1,0.0,0.0,DEPOSIT,1,1,"M-ANOM-DEP, R-DEP-02",1,,Alicia,Powers,1996-04-11,AFFLUENT,Attorney,162600.0,LOW,False,TX,2014-11-27,10300.0,310.0,OPEN,2026-06-01
A-00080,P001974,2026-05,53.7,35,30.0,23.7,0.0,0.0,DEPOSIT,1,1,"M-ANOM-DEP, R-DEP-03",1,,Amy,Lee,1984-11-30,MASS,Teacher,47400.0,LOW,False,TX,2011-10-21,3100.0,270.0,OPEN,2026-06-01
A-00081,P002586,2026-05,53.2,35,30.0,23.2,0.0,0.0,DEPOSIT,1,1,"M-ANOM-DEP, R-DEP-05",1,,Kevin,Adkins,1976-03-22,MASS_AFFLUENT,Registered Nurse,133200.0,MEDIUM,False,NC,2021-02-23,9260.0,330.0,OPEN,2026-06-01
A-00082,P002884,2026-05,52.8,35,37.5,15.3,0.0,0.0,DEPOSIT,2,1,"M-ANOM-DEP, R-DEP-01",1,,Amanda,Melton,1974-12-28,SELF_EMPLOYED,Hair Salon Owner,148700.0,LOW,False,NC,2021-02-07,10600.0,100000.0,OPEN,2026-06-01
A-00083,P004052,2026-05,51.6,35,32.9,18.7,0.0,0.0,DEPOSIT,1,1,"M-ANOM-DEP, R-DEP-02",1,,Charles,Gross,1985-05-08,AFFLUENT,Senior Executive,223000.0,LOW,False,NC,2007-07-10,17190.0,410.0,OPEN,2026-06-01
A-00084,P000126,2026-05,51.1,35,32.6,18.5,0.0,0.0,DEPOSIT,1,1,"M-ANOM-DEP, R-DEP-02",1,,Sheila,Greene,1991-03-21,AFFLUENT,Investment Banker,263700.0,LOW,False,GA,2013-06-05,20600.0,440.0,OPEN,2026-06-01
A-00085,P004147,2026-05,51.1,35,27.0,24.1,0.0,0.0,LOAN,1,1,"M-ANOM-LN, R-LN-01",1,P005025 (CO_BORROWER),Tanya,Andrews,1970-03-23,SELF_EMPLOYED,Consultant,56100.0,LOW,False,AZ,2020-10-24,3720.0,50.0,OPEN,2026-06-01
A-00086,P004162,2026-05,50.9,35,32.8,18.1,0.0,0.0,DEPOSIT,1,1,"M-ANOM-DEP, R-DEP-02",1,P005156 (JOINT),Christopher,Schmidt,1987-03-16,AFFLUENT,Physician,179200.0,LOW,False,MA,2017-12-14,11410.0,290.0,OPEN,2026-06-01
A-00087,P003262,2026-05,50.7,35,27.0,23.7,0.0,0.0,LOAN,1,1,"M-ANOM-LN, R-LN-01",1,,Brittany,Rogers,1944-11-09,RETIREE,Retired,53200.0,LOW,False,VA,2024-06-07,3650.0,310.0,OPEN,2026-06-01
A-00088,P002995,2026-05,50.4,35,33.1,17.3,0.0,0.0,DEPOSIT,1,1,"M-ANOM-DEP, R-DEP-02",1,,Matthew,Rodriguez,1967-07-27,AFFLUENT,Dentist,236300.0,MEDIUM,False,NY,2012-01-11,14880.0,10.0,OPEN,2026-06-01
A-00089,P001887,2026-05,49.9,35,34.1,15.8,0.0,0.0,DEPOSIT,1,1,"M-ANOM-DEP, R-DEP-02",1,,Paul,Vasquez,1969-10-17,AFFLUENT,Investment Banker,221600.0,LOW,False,NY,2022-12-22,13460.0,150.0,OPEN,2026-06-01
A-00090,P001097,2026-05,49.8,35,0.0,34.8,10.0,5.0,"DEPOSIT,LOAN",0,2,"M-ANOM-DEP, M-ANOM-LN",2,,Juan,Jones,2003-06-06,STUDENT,Student,8700.0,HIGH,False,NJ,2022-07-27,560.0,450.0,OPEN,2026-06-01
A-00091,P001756,2026-05,49.6,35,32.3,17.3,0.0,0.0,DEPOSIT,1,1,"M-ANOM-DEP, R-DEP-02",1,,Marcus,Cortez,1984-11-28,AFFLUENT,Senior Executive,355000.0,LOW,False,MI,2006-05-27,26840.0,20.0,OPEN,2026-06-01
A-00092,P002715,2026-05,49.0,35,36.7,12.3,0.0,0.0,DEPOSIT,1,1,"M-ANOM-DEP, R-DEP-02",1,,Amber,Flores,1989-04-26,AFFLUENT,Dentist,445500.0,LOW,False,TX,2017-10-08,29900.0,60.0,OPEN,2026-06-01
A-00093,P002393,2026-05,48.3,35,27.2,21.1,0.0,0.0,DEPOSIT,1,1,"M-ANOM-DEP, R-DEP-02",1,,Lisa,Contreras,1969-09-06,MASS_AFFLUENT,Project Manager,81800.0,LOW,False,MA,2016-07-14,5790.0,280.0,OPEN,2026-06-01
A-00094,P002875,2026-05,48.1,35,35.5,12.6,0.0,0.0,DEPOSIT,1,1,"M-ANOM-DEP, R-DEP-02",1,,Alexis,Sanchez,1986-10-22,AFFLUENT,Business Owner,303200.0,LOW,False,GA,2018-01-26,22760.0,230.0,OPEN,2026-06-01
A-00095,P002110,2026-05,47.2,35,30.0,17.2,0.0,0.0,DEPOSIT,1,1,"M-ANOM-DEP, R-DEP-03",1,,Barbara,Mann,1996-12-06,MASS_AFFLUENT,Sales Manager,79700.0,MEDIUM,False,AZ,2021-03-19,6020.0,110.0,OPEN,2026-06-01
A-00096,P000164,2026-05,47.1,35,34.4,12.7,0.0,0.0,DEPOSIT,1,1,"M-ANOM-DEP, R-DEP-02",1,,Gregory,Carter,1986-09-30,AFFLUENT,Physician,388200.0,LOW,False,TX,2019-10-17,28170.0,50.0,OPEN,2026-06-01
A-00097,P001635,2026-05,46.8,35,32.4,14.4,0.0,0.0,DEPOSIT,1,1,"M-ANOM-DEP, R-DEP-02",1,P005227 (JOINT),Jennifer,Pierce,1984-03-25,AFFLUENT,Investment Banker,262100.0,LOW,False,AZ,2010-08-20,20890.0,10.0,OPEN,2026-06-01
A-00098,P004690,2026-05,46.8,35,33.7,13.1,0.0,0.0,DEPOSIT,1,1,"M-ANOM-DEP, R-DEP-02",1,,Daniel,Lutz,1984-02-23,AFFLUENT,Physician,369200.0,MEDIUM,True,WA,2018-08-18,26120.0,180.0,OPEN,2026-06-01
A-00099,P003709,2026-05,45.0,35,32.6,12.4,0.0,0.0,DEPOSIT,1,1,"M-ANOM-DEP, R-DEP-02",1,P005332 (JOINT),Nicholas,Freeman,1989-01-09,AFFLUENT,Business Owner,411100.0,LOW,False,FL,2019-12-15,31340.0,460.0,OPEN,2026-06-01
A-00100,P004407,2026-05,44.2,35,32.5,11.7,0.0,0.0,DEPOSIT,1,1,"M-ANOM-DEP, R-DEP-02",1,,Brian,Fisher,1993-08-09,AFFLUENT,Attorney,393500.0,LOW,True,MI,2016-08-10,31250.0,360.0,OPEN,2026-06-01
A-00101,P003339,2026-05,42.7,35,20.8,21.9,0.0,0.0,CARD,1,1,"M-ANOM-CRD, R-CRD-01",1,,William,Jackson,1986-03-25,MASS,Cook,37500.0,LOW,False,FL,2015-01-16,2760.0,110.0,OPEN,2026-06-01
A-00102,P001312,2026-05,42.6,35,30.7,11.9,0.0,0.0,DEPOSIT,1,1,"M-ANOM-DEP, R-DEP-06",1,,Todd,Bruce,1982-05-27,MASS,Nurse Aide,53900.0,MEDIUM,False,AZ,2014-05-20,4090.0,170.0,OPEN,2026-06-01
A-00103,P001104,2026-05,42.5,35,21.9,20.6,0.0,0.0,CARD,1,1,"M-ANOM-CRD, R-CRD-01",1,,John,Hayes,1967-02-05,MASS,Administrative Assistant,66200.0,LOW,False,NC,2006-10-22,5100.0,370.0,OPEN,2026-06-01
A-00104,P003156,2026-05,41.8,35,30.0,11.8,0.0,0.0,DEPOSIT,1,1,"M-ANOM-DEP, R-DEP-01",1,,Derrick,Smith,1988-03-06,SELF_EMPLOYED,Auto Repair Shop Owner,89000.0,LOW,False,NY,2025-08-21,6230.0,100000.0,OPEN,2026-06-01
A-00105,P002360,2026-05,41.2,35,30.0,11.2,0.0,0.0,DEPOSIT,1,1,"M-ANOM-DEP, R-DEP-01",1,P003832 (JOINT),Danielle,Hernandez,1997-04-23,SELF_EMPLOYED,Food Truck Owner,106300.0,LOW,False,GA,2021-10-07,8240.0,100000.0,OPEN,2026-06-01
A-00106,P003976,2026-05,41.1,35,23.0,18.1,0.0,0.0,CARD,1,1,"M-ANOM-CRD, R-CRD-01",1,,Erika,Powell,1965-10-29,MASS,Electrician,55700.0,LOW,False,NJ,2015-01-22,3350.0,460.0,OPEN,2026-06-01
A-00107,P001646,2026-05,40.9,35,22.5,18.4,0.0,0.0,CARD,1,1,"M-ANOM-CRD, R-CRD-04",1,,Beth,Horton,1979-01-22,MASS_AFFLUENT,Software Engineer,77300.0,MEDIUM,False,FL,2018-04-15,5870.0,360.0,OPEN,2026-06-01
A-00108,P002547,2026-05,38.2,35,20.6,17.6,0.0,0.0,CARD,1,1,"M-ANOM-CRD, R-CRD-01",1,,Angela,Becker,1972-10-12,SELF_EMPLOYED,Convenience Store Owner,142800.0,MEDIUM,False,NJ,2020-09-16,10720.0,6490.0,OPEN,2026-06-01
A-00109,P004960,2026-05,37.2,35,21.6,15.6,0.0,0.0,CARD,1,1,"M-ANOM-CRD, R-CRD-01",1,P000129 (AUTHORIZED_USER),Angelica,Khan,1995-06-15,MASS,Electrician,37200.0,LOW,False,NY,2013-02-06,2420.0,400.0,OPEN,2026-06-01
A-00110,P001886,2026-05,36.9,35,36.9,0.0,0.0,0.0,DEPOSIT,1,0,R-DEP-06,1,,Charles,Johnson,1996-03-21,MASS,Retail Associate,57300.0,MEDIUM,False,NY,2022-05-08,4140.0,250.0,OPEN,2026-06-01
A-00111,P002293,2026-05,36.7,35,31.7,0.0,0.0,5.0,DEPOSIT,1,0,R-DEP-06,1,,Jerry,King,1975-01-13,MASS,Warehouse Worker,31800.0,HIGH,False,VA,2005-07-27,2350.0,80.0,OPEN,2026-06-01
A-00112,P002632,2026-05,35.1,35,30.1,0.0,0.0,5.0,DEPOSIT,1,0,R-DEP-06,1,,Mark,Ruiz,1975-11-11,MASS,Teacher,55300.0,HIGH,False,TX,2006-06-15,3720.0,460.0,OPEN,2026-06-01
A-00113,P001697,2026-06,153.0,35,128.1,24.9,0.0,0.0,DEPOSIT,4,1,"M-ANOM-DEP, R-DEP-01, R-DEP-03, R-DEP-05, R-DEP-06",1,P005590 (JOINT),Barbara,Brown,2000-05-07,MASS,Administrative Assistant,63700.0,MEDIUM,False,AZ,2013-09-02,4040.0,260.0,OPEN,2026-07-01
A-00114,P004897,2026-06,141.6,35,116.8,24.8,0.0,0.0,DEPOSIT,5,1,"M-ANOM-DEP, R-DEP-01, R-DEP-05, R-DEP-06",1,,Cheyenne,Cline,1987-04-30,MASS,Administrative Assistant,52100.0,LOW,False,CA,2011-10-07,4050.0,210.0,OPEN,2026-07-01
A-00115,P001369,2026-06,134.5,35,110.5,24.0,0.0,0.0,DEPOSIT,4,1,"M-ANOM-DEP, R-DEP-01, R-DEP-02, R-DEP-05",1,,Alicia,Lopez,1964-08-17,MASS_AFFLUENT,Project Manager,74000.0,LOW,False,GA,2012-04-22,5520.0,340.0,OPEN,2026-07-01
A-00116,P001248,2026-06,127.8,35,104.6,23.2,0.0,0.0,DEPOSIT,5,1,"M-ANOM-DEP, R-DEP-01, R-DEP-02, R-DEP-05",1,,Anthony,Lamb,1990-05-08,MASS_AFFLUENT,Accountant,128700.0,LOW,False,OH,2006-04-03,9290.0,160.0,OPEN,2026-07-01
A-00117,P002858,2026-06,105.8,35,81.2,24.6,0.0,0.0,DEPOSIT,4,1,"M-ANOM-DEP, R-DEP-01, R-DEP-05",1,,Stephen,Phillips,1999-07-04,MASS_AFFLUENT,Accountant,109900.0,LOW,False,NJ,2007-04-01,7520.0,450.0,OPEN,2026-07-01
A-00118,P002558,2026-06,104.0,35,53.1,35.9,15.0,0.0,"CARD,DEPOSIT,LOAN",2,2,"M-ANOM-CRD, M-ANOM-LN, R-CRD-04, R-XP-01",2,,Julia,Ortiz,1972-04-13,MASS_AFFLUENT,Software Engineer,142100.0,LOW,False,AZ,2005-03-18,10740.0,240.0,OPEN,2026-07-01
A-00119,P000469,2026-06,99.5,35,75.0,24.5,0.0,0.0,DEPOSIT,2,1,"M-ANOM-DEP, R-DEP-05, R-DEP-06",1,,Rebecca,Grimes,2002-10-13,STUDENT,Student,16400.0,LOW,False,NC,2019-10-13,1020.0,100.0,OPEN,2026-07-01
A-00120,P001097,2026-06,99.3,35,28.3,51.0,15.0,5.0,"CARD,DEPOSIT,LOAN",1,3,"M-ANOM-DEP, M-ANOM-LN, R-XP-01",4,,Juan,Jones,2003-06-06,STUDENT,Student,8700.0,HIGH,False,NJ,2022-07-27,560.0,450.0,OPEN,2026-07-01
A-00121,P002479,2026-06,98.9,35,75.0,23.9,0.0,0.0,DEPOSIT,2,1,"M-ANOM-DEP, R-DEP-05, R-DEP-06",1,,Kevin,Blankenship,1996-01-10,MASS,Warehouse Worker,56900.0,LOW,False,NY,2020-01-07,4340.0,450.0,OPEN,2026-07-01
A-00122,P001195,2026-06,97.4,35,73.1,24.3,0.0,0.0,DEPOSIT,3,1,"M-ANOM-DEP, R-DEP-01, R-DEP-05",1,P001333 (JOINT),James,Khan,1994-09-05,SELF_EMPLOYED,Consultant,90100.0,MEDIUM,False,OH,2023-05-11,5510.0,60.0,OPEN,2026-07-01
A-00123,P001446,2026-06,94.7,35,71.2,23.5,0.0,0.0,DEPOSIT,2,1,"M-ANOM-DEP, R-DEP-05, R-DEP-06",1,,Marc,Allen,1998-03-28,MASS,Driver,36700.0,MEDIUM,False,MI,2013-10-20,2890.0,220.0,OPEN,2026-07-01
A-00124,P004078,2026-06,91.5,35,68.7,22.8,0.0,0.0,DEPOSIT,2,1,"M-ANOM-DEP, R-DEP-05, R-DEP-06",1,,Susan,Crawford,1988-06-23,MASS,Driver,66800.0,MEDIUM,False,MA,2021-10-26,5170.0,230.0,OPEN,2026-07-01
A-00125,P001779,2026-06,85.0,35,60.0,25.0,0.0,0.0,DEPOSIT,2,1,"M-ANOM-DEP, R-DEP-03, R-DEP-05",1,P005126 (JOINT),Melissa,Waters,1966-05-29,MASS,Administrative Assistant,28600.0,LOW,False,FL,2023-07-01,2160.0,0.0,OPEN,2026-07-01
A-00126,P002586,2026-06,84.1,35,60.0,24.1,0.0,0.0,DEPOSIT,2,1,"M-ANOM-DEP, R-DEP-01, R-DEP-05",1,,Kevin,Adkins,1976-03-22,MASS_AFFLUENT,Registered Nurse,133200.0,MEDIUM,False,NC,2021-02-23,9260.0,330.0,OPEN,2026-07-01
A-00127,P002538,2026-06,83.5,35,58.6,14.9,10.0,0.0,"CARD,DEPOSIT",2,1,"M-ANOM-DEP, R-DEP-05, R-XP-01",2,,Stacy,Barber,1994-06-18,MASS,Nurse Aide,45500.0,MEDIUM,False,VA,2021-08-17,3510.0,200.0,OPEN,2026-07-01
A-00128,P000581,2026-06,82.8,35,57.5,20.3,0.0,5.0,DEPOSIT,2,1,"M-ANOM-DEP, R-DEP-03, R-DEP-06",1,,Danny,Ward,2000-07-30,MASS,Electrician,39800.0,HIGH,False,MA,2012-08-27,3150.0,420.0,OPEN,2026-07-01
A-00129,P002744,2026-06,74.3,35,50.7,23.6,0.0,0.0,DEPOSIT,3,1,"M-ANOM-DEP, R-DEP-02",1,,Madison,Dougherty,1988-11-22,MASS_AFFLUENT,Project Manager,100300.0,MEDIUM,False,GA,2015-10-02,6850.0,130.0,OPEN,2026-07-01
A-00130,P002393,2026-06,74.1,35,50.3,23.8,0.0,0.0,DEPOSIT,3,1,"M-ANOM-DEP, R-DEP-02",1,,Lisa,Contreras,1969-09-06,MASS_AFFLUENT,Project Manager,81800.0,LOW,False,MA,2016-07-14,5790.0,280.0,OPEN,2026-07-01
A-00131,P002559,2026-06,72.7,35,55.2,17.5,0.0,0.0,DEPOSIT,2,1,"M-ANOM-DEP, R-DEP-03, R-DEP-06",1,P005295 (JOINT),Jeremy,Cisneros,1978-11-28,MASS,Customer Service Rep,66200.0,MEDIUM,False,FL,2021-06-27,4460.0,490.0,OPEN,2026-07-01
A-00132,P000121,2026-06,69.4,35,42.0,17.4,10.0,0.0,"DEPOSIT,LOAN",2,1,"M-ANOM-DEP, R-DEP-01, R-LN-03",2,,Kyle,Montgomery,1971-08-03,SELF_EMPLOYED,Restaurant Owner,58400.0,MEDIUM,False,FL,2024-08-21,4630.0,100000.0,OPEN,2026-07-01
A-00133,P002422,2026-06,67.0,35,48.6,18.4,0.0,0.0,CARD,2,1,"M-ANOM-CRD, R-CRD-04, R-XP-01",1,,Kristin,Anderson,1992-02-19,MASS,Cook,42300.0,MEDIUM,False,NY,2022-11-27,2770.0,220.0,OPEN,2026-07-01
A-00134,P001733,2026-06,66.4,35,45.2,21.2,0.0,0.0,CARD,2,1,"M-ANOM-CRD, R-CRD-02, R-CRD-04",1,,Kathryn,Baxter,1981-07-14,MASS_AFFLUENT,Engineer,145000.0,LOW,False,MI,2007-11-14,10090.0,70.0,OPEN,2026-07-01
A-00135,P000925,2026-06,66.3,35,56.3,0.0,10.0,0.0,"CARD,DEPOSIT",2,0,"R-DEP-05, R-XP-01",2,P005161 (AUTHORIZED_USER); P004277 (JOINT),Emily,Howard,1989-03-17,MASS,Warehouse Worker,55300.0,LOW,False,MA,2024-05-07,4180.0,500.0,OPEN,2026-07-01
A-00136,P002505,2026-06,64.4,35,54.4,0.0,10.0,0.0,"CARD,DEPOSIT",2,0,"R-DEP-05, R-XP-01",2,,Eric,Wright,1965-01-23,MASS_AFFLUENT,Pharmacist,84000.0,LOW,False,IL,2014-07-18,6330.0,190.0,OPEN,2026-07-01
A-00137,P000465,2026-06,62.5,35,33.0,24.5,0.0,5.0,CARD,1,1,"M-ANOM-CRD, R-CRD-02",1,,Stephen,Drake,1985-11-28,MASS,Retail Associate,39100.0,HIGH,False,NJ,2018-05-13,2800.0,460.0,OPEN,2026-07-01
A-00138,P000626,2026-06,61.8,35,42.8,19.0,0.0,0.0,DEPOSIT,2,1,"M-ANOM-DEP, R-DEP-02",1,,Lisa,Kim,1983-07-22,AFFLUENT,Business Owner,381600.0,LOW,False,MI,2025-12-26,27050.0,280.0,OPEN,2026-07-01
A-00139,P000233,2026-06,56.5,35,33.9,22.6,0.0,0.0,DEPOSIT,1,1,"M-ANOM-DEP, R-DEP-02",1,,Donald,Green,1986-08-16,MASS_AFFLUENT,Pharmacist,109400.0,MEDIUM,False,PA,2021-08-04,8110.0,350.0,OPEN,2026-07-01
A-00140,P002360,2026-06,55.7,35,40.6,15.1,0.0,0.0,DEPOSIT,2,1,"M-ANOM-DEP, R-DEP-01",1,P003832 (JOINT),Danielle,Hernandez,1997-04-23,SELF_EMPLOYED,Food Truck Owner,106300.0,LOW,False,GA,2021-10-07,8240.0,100000.0,OPEN,2026-07-01
A-00141,P003141,2026-06,54.0,35,30.0,24.0,0.0,0.0,DEPOSIT,1,1,"M-ANOM-DEP, R-DEP-05",1,P005369 (JOINT),Jennifer,Nielsen,1980-10-22,MASS,Warehouse Worker,67300.0,LOW,False,NC,2013-10-20,4540.0,10.0,OPEN,2026-07-01
A-00142,P000958,2026-06,53.9,35,30.0,23.9,0.0,0.0,DEPOSIT,1,1,"M-ANOM-DEP, R-DEP-03",1,P004907 (JOINT),Erica,Contreras,1995-03-21,MASS,Administrative Assistant,44400.0,MEDIUM,False,AZ,2008-06-11,2980.0,420.0,OPEN,2026-07-01
A-00143,P004162,2026-06,52.3,35,34.0,18.3,0.0,0.0,DEPOSIT,1,1,"M-ANOM-DEP, R-DEP-02",1,P005156 (JOINT),Christopher,Schmidt,1987-03-16,AFFLUENT,Physician,179200.0,LOW,False,MA,2017-12-14,11410.0,290.0,OPEN,2026-07-01
A-00144,P000539,2026-06,51.5,35,33.1,18.4,0.0,0.0,DEPOSIT,1,1,"M-ANOM-DEP, R-DEP-02",1,P005282 (JOINT),Susan,Wilson,1967-12-09,AFFLUENT,Investment Banker,193800.0,LOW,False,GA,2023-11-21,13570.0,100.0,OPEN,2026-07-01
A-00145,P002753,2026-06,50.3,35,34.1,16.2,0.0,0.0,DEPOSIT,1,1,"M-ANOM-DEP, R-DEP-02",1,,Kathryn,Phillips,1994-10-09,AFFLUENT,Dentist,211100.0,LOW,False,NJ,2007-11-09,14570.0,290.0,OPEN,2026-07-01
A-00146,P002105,2026-06,49.7,35,34.0,15.7,0.0,0.0,DEPOSIT,1,1,"M-ANOM-DEP, R-DEP-02",1,,Rachel,Ortiz,1993-11-21,AFFLUENT,Physician,235700.0,LOW,False,VA,2011-01-26,18600.0,310.0,OPEN,2026-07-01
A-00147,P002875,2026-06,49.6,35,34.7,14.9,0.0,0.0,DEPOSIT,1,1,"M-ANOM-DEP, R-DEP-02",1,,Alexis,Sanchez,1986-10-22,AFFLUENT,Business Owner,303200.0,LOW,False,GA,2018-01-26,22760.0,230.0,OPEN,2026-07-01
A-00148,P002741,2026-06,49.2,35,32.9,16.3,0.0,0.0,DEPOSIT,1,1,"M-ANOM-DEP, R-DEP-02",1,,Kyle,Allen,1967-03-03,AFFLUENT,Senior Executive,249000.0,LOW,False,TX,2015-04-17,15050.0,460.0,OPEN,2026-07-01
A-00149,P004327,2026-06,49.1,35,33.3,15.8,0.0,0.0,DEPOSIT,1,1,"M-ANOM-DEP, R-DEP-02",1,,Chelsea,Allen,1989-07-08,AFFLUENT,Senior Executive,362400.0,LOW,False,MI,2009-08-12,27570.0,490.0,OPEN,2026-07-01
A-00150,P004941,2026-06,49.1,35,32.2,16.9,0.0,0.0,DEPOSIT,1,1,"M-ANOM-DEP, R-DEP-02",1,P005585 (JOINT),Rodney,Cunningham,1978-09-09,AFFLUENT,Attorney,304700.0,LOW,False,FL,2023-02-17,20540.0,370.0,OPEN,2026-07-01
A-00151,P001705,2026-06,48.8,35,35.5,13.3,0.0,0.0,DEPOSIT,1,1,"M-ANOM-DEP, R-DEP-02",1,P005076 (JOINT),Barry,Chen,1971-04-20,AFFLUENT,Attorney,314200.0,LOW,False,PA,2016-11-13,19540.0,300.0,OPEN,2026-07-01
A-00152,P000061,2026-06,48.6,35,31.0,17.5,0.0,0.0,CARD,2,1,"M-ANOM-CRD, R-CRD-02",1,,Natasha,Martin,1989-10-26,MASS,Nurse Aide,57200.0,LOW,False,PA,2022-02-05,3620.0,340.0,OPEN,2026-07-01
A-00153,P000288,2026-06,48.4,35,32.9,15.5,0.0,0.0,DEPOSIT,1,1,"M-ANOM-DEP, R-DEP-02",1,,Ashley,Anderson,1977-11-28,AFFLUENT,Physician,416100.0,LOW,False,WA,2017-09-01,29730.0,190.0,OPEN,2026-07-01
A-00154,P000995,2026-06,48.1,35,37.5,10.6,0.0,0.0,DEPOSIT,2,1,"M-ANOM-DEP, R-DEP-01",1,,Tina,Berg,1968-12-02,SELF_EMPLOYED,Auto Repair Shop Owner,119500.0,MEDIUM,False,IL,2025-08-15,7630.0,100000.0,OPEN,2026-07-01
A-00155,P004206,2026-06,48.1,35,26.4,21.7,0.0,0.0,CARD,1,1,"M-ANOM-CRD, R-CRD-01",1,,Melanie,Stevens,1982-09-14,MASS,Teacher,43200.0,LOW,False,GA,2008-11-13,3080.0,490.0,OPEN,2026-07-01
A-00156,P003148,2026-06,47.9,35,34.1,13.8,0.0,0.0,DEPOSIT,1,1,"M-ANOM-DEP, R-DEP-02",1,P005026 (JOINT),Lauren,Davis,1995-06-06,AFFLUENT,Investment Banker,410200.0,LOW,False,IL,2022-09-27,29650.0,420.0,OPEN,2026-07-01
A-00157,P003271,2026-06,47.5,35,22.5,25.0,0.0,0.0,CARD,1,1,"M-ANOM-CRD, R-CRD-03",1,,Lisa,Carpenter,1968-08-23,MASS,Administrative Assistant,39100.0,MEDIUM,False,AZ,2016-06-10,2700.0,230.0,OPEN,2026-07-01
A-00158,P003156,2026-06,46.7,35,30.0,16.7,0.0,0.0,DEPOSIT,1,1,"M-ANOM-DEP, R-DEP-01",1,,Derrick,Smith,1988-03-06,SELF_EMPLOYED,Auto Repair Shop Owner,89000.0,LOW,False,NY,2025-08-21,6230.0,100000.0,OPEN,2026-07-01
A-00159,P003066,2026-06,46.2,35,34.3,11.9,0.0,0.0,DEPOSIT,1,1,"M-ANOM-DEP, R-DEP-02",1,,Edgar,Carter,1999-01-18,AFFLUENT,Physician,277700.0,MEDIUM,False,MA,2015-12-15,19470.0,120.0,OPEN,2026-07-01
A-00160,P002653,2026-06,45.2,35,22.5,22.7,0.0,0.0,CARD,1,1,"M-ANOM-CRD, R-CRD-04",1,,Jesse,White,1978-04-30,MASS,Driver,40800.0,LOW,False,OH,2019-01-23,2960.0,470.0,OPEN,2026-07-01
A-00161,P004955,2026-06,45.2,35,30.0,15.2,0.0,0.0,DEPOSIT,1,1,"M-ANOM-DEP, R-DEP-01",1,,Brian,Stewart,1993-11-17,SELF_EMPLOYED,Hair Salon Owner,61500.0,LOW,False,PA,2025-07-20,3790.0,100000.0,OPEN,2026-07-01
A-00162,P000909,2026-06,44.5,35,32.0,12.5,0.0,0.0,DEPOSIT,1,1,"M-ANOM-DEP, R-DEP-02",1,,Angela,Parker,1995-07-20,AFFLUENT,Senior Executive,423600.0,LOW,False,NC,2024-01-06,33080.0,160.0,OPEN,2026-07-01
A-00163,P002970,2026-06,44.1,35,20.5,23.6,0.0,0.0,CARD,1,1,"M-ANOM-CRD, R-CRD-05",1,,Duane,Mccoy,1989-08-15,MASS,Teacher,68600.0,LOW,False,MA,2012-02-12,4910.0,450.0,OPEN,2026-07-01
A-00164,P003973,2026-06,42.5,35,20.2,22.3,0.0,0.0,CARD,1,1,"M-ANOM-CRD, R-CRD-01",1,,Kim,Ross,1970-11-02,MASS,Warehouse Worker,34500.0,LOW,False,NC,2005-08-21,2120.0,390.0,OPEN,2026-07-01
A-00165,P001104,2026-06,42.0,35,21.6,20.4,0.0,0.0,CARD,1,1,"M-ANOM-CRD, R-CRD-01",1,,John,Hayes,1967-02-05,MASS,Administrative Assistant,66200.0,LOW,False,NC,2006-10-22,5100.0,370.0,OPEN,2026-07-01
A-00166,P003304,2026-06,41.5,35,21.5,20.0,0.0,0.0,CARD,1,1,"M-ANOM-CRD, R-CRD-01",1,,Jacob,Booker,1995-02-03,MASS,Retail Associate,65500.0,LOW,False,NY,2009-01-22,5030.0,400.0,OPEN,2026-07-01
A-00167,P003431,2026-06,41.1,35,29.0,12.1,0.0,0.0,DEPOSIT,1,1,"M-ANOM-DEP, R-DEP-02",1,,Stephanie,Adams,1988-07-22,AFFLUENT,Physician,152600.0,LOW,False,PA,2021-06-19,10490.0,170.0,OPEN,2026-07-01
A-00168,P002170,2026-06,41.0,35,22.0,19.0,0.0,0.0,LOAN,1,1,"M-ANOM-LN, R-LN-01",1,,James,Hebert,1981-09-27,MASS_AFFLUENT,Sales Manager,81200.0,MEDIUM,False,MI,2014-06-16,5130.0,370.0,OPEN,2026-07-01
A-00169,P000794,2026-06,40.7,35,20.2,20.5,0.0,0.0,CARD,1,1,"M-ANOM-CRD, R-CRD-01",1,,Daryl,Burch,1984-04-25,MASS,Cook,45000.0,MEDIUM,False,AZ,2023-12-04,3460.0,100.0,OPEN,2026-07-01
A-00170,P002100,2026-06,40.4,35,21.4,19.0,0.0,0.0,CARD,1,1,"M-ANOM-CRD, R-CRD-01",1,,Thomas,Hebert,1985-10-22,MASS,Administrative Assistant,47600.0,LOW,False,PA,2009-04-08,3610.0,460.0,OPEN,2026-07-01
A-00171,P003629,2026-06,40.1,35,21.5,18.6,0.0,0.0,CARD,1,1,"M-ANOM-CRD, R-CRD-01",1,,Rebecca,Ramirez,1969-07-24,MASS,Teacher,31400.0,LOW,False,MI,2009-06-25,2030.0,270.0,OPEN,2026-07-01
A-00172,P001831,2026-06,39.1,35,24.0,15.1,0.0,0.0,DEPOSIT,1,1,"M-ANOM-DEP, R-DEP-05",1,,Maria,Gordon,1952-03-09,RETIREE,Retired,65900.0,MEDIUM,False,WA,2008-02-20,4890.0,170.0,OPEN,2026-07-01
A-00173,P003077,2026-06,38.5,35,38.5,0.0,0.0,0.0,CARD,2,0,"R-CRD-02, R-CRD-04",1,,Dawn,Kline,1975-01-19,MASS_AFFLUENT,Registered Nurse,99700.0,LOW,False,TX,2011-11-14,6370.0,160.0,OPEN,2026-07-01
A-00174,P000554,2026-06,37.9,35,22.1,15.8,0.0,0.0,CARD,1,1,"M-ANOM-CRD, R-CRD-01",1,,Lisa,Mcneil,1998-11-07,MASS,Customer Service Rep,47000.0,LOW,False,IL,2016-12-18,2900.0,190.0,OPEN,2026-07-01
A-00175,P002732,2026-06,37.4,35,37.4,0.0,0.0,0.0,CARD,2,0,"R-CRD-02, R-CRD-04",1,,Scott,Pena,1984-02-03,MASS_AFFLUENT,Sales Manager,90900.0,LOW,False,VA,2022-09-22,5800.0,130.0,OPEN,2026-07-01
A-00176,P003467,2026-06,36.9,35,13.5,18.4,0.0,5.0,LOAN,1,1,"M-ANOM-LN, R-LN-03",1,,Keith,Cooley,2002-03-12,STUDENT,Student,6000.0,HIGH,False,MA,2024-12-13,450.0,20.0,OPEN,2026-07-01
A-00177,P001306,2026-06,35.7,35,30.7,0.0,0.0,5.0,DEPOSIT,1,0,R-DEP-06,1,,Katrina,Chen,2003-04-18,STUDENT,Student,5300.0,HIGH,False,IL,2019-07-05,320.0,290.0,OPEN,2026-07-01
A-00178,P001997,2026-06,35.3,35,25.3,0.0,10.0,0.0,"CARD,DEPOSIT",1,0,R-XP-01,1,,Tiffany,Allen,1991-03-15,MASS,Teacher,31100.0,LOW,False,MA,2013-08-27,2000.0,420.0,OPEN,2026-07-01
A-00179,P002062,2026-06,35.3,35,21.2,14.1,0.0,0.0,CARD,1,1,"M-ANOM-CRD, R-CRD-01",1,,David,Potter,1980-07-26,SELF_EMPLOYED,Contractor,44600.0,LOW,False,CA,2006-05-26,2850.0,30.0,OPEN,2026-07-01
A-00180,P001369,2026-07,137.8,35,114.4,23.4,0.0,0.0,DEPOSIT,5,1,"M-ANOM-DEP, R-DEP-01, R-DEP-02, R-DEP-05",1,,Alicia,Lopez,1964-08-17,MASS_AFFLUENT,Project Manager,74000.0,LOW,False,GA,2012-04-22,5520.0,340.0,OPEN,2026-08-01
A-00181,P004500,2026-07,137.0,35,86.6,40.4,10.0,0.0,"DEPOSIT,LOAN",3,2,"M-ANOM-DEP, M-ANOM-LN, R-DEP-05, R-LN-01, R-XP-01",2,P005391 (JOINT),Jamie,Sandoval,1966-04-15,MASS,Administrative Assistant,50500.0,LOW,False,FL,2023-08-02,3900.0,50.0,OPEN,2026-08-01
A-00182,P001697,2026-07,132.7,35,108.1,24.6,0.0,0.0,DEPOSIT,4,1,"M-ANOM-DEP, R-DEP-01, R-DEP-05, R-DEP-06",1,P005590 (JOINT),Barbara,Brown,2000-05-07,MASS,Administrative Assistant,63700.0,MEDIUM,False,AZ,2013-09-02,4040.0,260.0,OPEN,2026-08-01
A-00183,P002858,2026-07,124.4,35,100.8,23.6,0.0,0.0,DEPOSIT,4,1,"M-ANOM-DEP, R-DEP-01, R-DEP-02, R-DEP-05",1,,Stephen,Phillips,1999-07-04,MASS_AFFLUENT,Accountant,109900.0,LOW,False,NJ,2007-04-01,7520.0,450.0,OPEN,2026-08-01
A-00184,P001446,2026-07,99.2,35,75.0,24.2,0.0,0.0,DEPOSIT,2,1,"M-ANOM-DEP, R-DEP-05, R-DEP-06",1,,Marc,Allen,1998-03-28,MASS,Driver,36700.0,MEDIUM,False,MI,2013-10-20,2890.0,220.0,OPEN,2026-08-01
A-00185,P003577,2026-07,98.2,35,75.0,23.2,0.0,0.0,DEPOSIT,2,1,"M-ANOM-DEP, R-DEP-05, R-DEP-06",1,,Eric,Wilcox,1972-10-16,MASS,Driver,53100.0,MEDIUM,False,NC,2018-04-11,3930.0,450.0,OPEN,2026-08-01
A-00186,P004078,2026-07,98.1,35,75.0,23.1,0.0,0.0,DEPOSIT,2,1,"M-ANOM-DEP, R-DEP-05, R-DEP-06",1,,Susan,Crawford,1988-06-23,MASS,Driver,66800.0,MEDIUM,False,MA,2021-10-26,5170.0,230.0,OPEN,2026-08-01
A-00187,P000581,2026-07,83.3,35,59.4,18.9,0.0,5.0,DEPOSIT,2,1,"M-ANOM-DEP, R-DEP-03, R-DEP-06",1,,Danny,Ward,2000-07-30,MASS,Electrician,39800.0,HIGH,False,MA,2012-08-27,3150.0,420.0,OPEN,2026-08-01
A-00188,P002538,2026-07,79.3,35,57.1,12.2,10.0,0.0,"CARD,DEPOSIT",2,1,"M-ANOM-DEP, R-DEP-05, R-XP-01",2,,Stacy,Barber,1994-06-18,MASS,Nurse Aide,45500.0,MEDIUM,False,VA,2021-08-17,3510.0,200.0,OPEN,2026-08-01
A-00189,P002422,2026-07,78.3,35,53.7,24.6,0.0,0.0,CARD,2,1,"M-ANOM-CRD, R-CRD-04, R-XP-01",1,,Kristin,Anderson,1992-02-19,MASS,Cook,42300.0,MEDIUM,False,NY,2022-11-27,2770.0,220.0,OPEN,2026-08-01
A-00190,P002559,2026-07,77.1,35,59.0,18.1,0.0,0.0,DEPOSIT,2,1,"M-ANOM-DEP, R-DEP-03, R-DEP-06",1,P005295 (JOINT),Jeremy,Cisneros,1978-11-28,MASS,Customer Service Rep,66200.0,MEDIUM,False,FL,2021-06-27,4460.0,490.0,OPEN,2026-08-01
A-00191,P000121,2026-07,76.2,35,49.5,16.7,10.0,0.0,"DEPOSIT,LOAN",3,1,"M-ANOM-DEP, R-DEP-01, R-LN-03",2,,Kyle,Montgomery,1971-08-03,SELF_EMPLOYED,Restaurant Owner,58400.0,MEDIUM,False,FL,2024-08-21,4630.0,100000.0,OPEN,2026-08-01
A-00192,P004442,2026-07,72.4,35,49.4,23.0,0.0,0.0,DEPOSIT,3,1,"M-ANOM-DEP, R-DEP-02",1,,Tracy,Benjamin,1981-06-22,MASS_AFFLUENT,Engineer,121000.0,LOW,False,NJ,2018-09-02,9120.0,180.0,OPEN,2026-08-01
A-00193,P000465,2026-07,68.1,35,40.3,22.8,0.0,5.0,CARD,2,1,"M-ANOM-CRD, R-CRD-02",1,,Stephen,Drake,1985-11-28,MASS,Retail Associate,39100.0,HIGH,False,NJ,2018-05-13,2800.0,460.0,OPEN,2026-08-01
A-00194,P000925,2026-07,65.3,35,55.3,0.0,10.0,0.0,"CARD,DEPOSIT",2,0,"R-DEP-05, R-XP-01",2,P005161 (AUTHORIZED_USER); P004277 (JOINT),Emily,Howard,1989-03-17,MASS,Warehouse Worker,55300.0,LOW,False,MA,2024-05-07,4180.0,500.0,OPEN,2026-08-01
A-00195,P000830,2026-07,59.4,35,49.4,0.0,10.0,0.0,"CARD,DEPOSIT",2,0,"R-DEP-05, R-XP-01",2,P000301 (JOINT),Alexis,Blevins,1990-01-30,MASS,Cook,58300.0,LOW,False,WA,2009-04-22,3760.0,470.0,OPEN,2026-08-01
A-00196,P001367,2026-07,58.6,35,40.0,18.6,0.0,0.0,DEPOSIT,2,1,"M-ANOM-DEP, R-DEP-01",1,,Joseph,Russell,1965-11-18,SELF_EMPLOYED,Food Truck Owner,46100.0,LOW,False,CA,2012-08-25,3520.0,100000.0,OPEN,2026-08-01
A-00197,P002486,2026-07,56.0,35,40.0,16.0,0.0,0.0,DEPOSIT,2,1,"M-ANOM-DEP, R-DEP-01",1,,Michael,Moore,1969-06-11,SELF_EMPLOYED,Auto Repair Shop Owner,95300.0,LOW,False,NJ,2011-02-01,6890.0,100000.0,OPEN,2026-08-01
A-00198,P002469,2026-07,55.3,35,32.7,22.6,0.0,0.0,DEPOSIT,1,1,"M-ANOM-DEP, R-DEP-02",1,P005450 (JOINT),Mary,Long,1973-01-27,MASS_AFFLUENT,Accountant,97300.0,MEDIUM,False,IL,2017-08-04,6830.0,160.0,OPEN,2026-08-01
A-00199,P001974,2026-07,54.3,35,30.0,24.3,0.0,0.0,DEPOSIT,1,1,"M-ANOM-DEP, R-DEP-03",1,,Amy,Lee,1984-11-30,MASS,Teacher,47400.0,LOW,False,TX,2011-10-21,3100.0,270.0,OPEN,2026-08-01
A-00200,P001914,2026-07,54.1,35,26.0,23.1,0.0,5.0,LOAN,1,1,"M-ANOM-LN, R-LN-01",1,,Lori,White,1996-09-13,MASS,Electrician,50200.0,HIGH,False,FL,2022-01-17,3800.0,30.0,OPEN,2026-08-01
A-00201,P000958,2026-07,53.8,35,30.0,23.8,0.0,0.0,DEPOSIT,1,1,"M-ANOM-DEP, R-DEP-03",1,P004907 (JOINT),Erica,Contreras,1995-03-21,MASS,Administrative Assistant,44400.0,MEDIUM,False,AZ,2008-06-11,2980.0,420.0,OPEN,2026-08-01
A-00202,P003555,2026-07,52.8,35,30.2,22.6,0.0,0.0,CARD,1,1,"M-ANOM-CRD, R-CRD-02",1,,Brandi,Wood,1990-06-11,MASS,Retail Associate,58500.0,LOW,False,NJ,2025-12-02,3830.0,340.0,OPEN,2026-08-01
A-00203,P001312,2026-07,52.5,35,36.6,15.9,0.0,0.0,DEPOSIT,1,1,"M-ANOM-DEP, R-DEP-06",1,,Todd,Bruce,1982-05-27,MASS,Nurse Aide,53900.0,MEDIUM,False,AZ,2014-05-20,4090.0,170.0,OPEN,2026-08-01
A-00204,P000999,2026-07,52.1,35,32.6,19.5,0.0,0.0,DEPOSIT,1,1,"M-ANOM-DEP, R-DEP-02",1,,Stephanie,Bender,1993-10-03,AFFLUENT,Physician,162300.0,LOW,False,MI,2006-10-17,11650.0,450.0,OPEN,2026-08-01
A-00205,P002360,2026-07,51.8,35,37.5,14.3,0.0,0.0,DEPOSIT,2,1,"M-ANOM-DEP, R-DEP-01",1,P003832 (JOINT),Danielle,Hernandez,1997-04-23,SELF_EMPLOYED,Food Truck Owner,106300.0,LOW,False,GA,2021-10-07,8240.0,100000.0,OPEN,2026-08-01
A-00206,P001793,2026-07,51.6,35,33.8,17.8,0.0,0.0,DEPOSIT,1,1,"M-ANOM-DEP, R-DEP-02",1,,Alicia,Powers,1996-04-11,AFFLUENT,Attorney,162600.0,LOW,False,TX,2014-11-27,10300.0,310.0,OPEN,2026-08-01
A-00207,P003840,2026-07,50.9,35,27.8,23.1,0.0,0.0,CARD,1,1,"M-ANOM-CRD, R-CRD-01",1,,Crystal,Owens,1999-03-23,MASS,Nurse Aide,69100.0,MEDIUM,False,TX,2025-01-07,4820.0,20.0,OPEN,2026-08-01
A-00208,P000739,2026-07,49.2,35,32.2,17.0,0.0,0.0,DEPOSIT,1,1,"M-ANOM-DEP, R-DEP-02",1,,Allison,Watkins,1996-10-14,AFFLUENT,Business Owner,191200.0,LOW,False,OH,2021-07-14,13240.0,120.0,OPEN,2026-08-01
A-00209,P001162,2026-07,47.9,35,33.9,14.0,0.0,0.0,DEPOSIT,1,1,"M-ANOM-DEP, R-DEP-02",1,,Christina,Gomez,1995-09-11,AFFLUENT,Business Owner,272000.0,LOW,False,MI,2023-07-02,21690.0,90.0,OPEN,2026-08-01
A-00210,P002110,2026-07,47.6,35,30.0,17.6,0.0,0.0,DEPOSIT,1,1,"M-ANOM-DEP, R-DEP-03",1,,Barbara,Mann,1996-12-06,MASS_AFFLUENT,Sales Manager,79700.0,MEDIUM,False,AZ,2021-03-19,6020.0,110.0,OPEN,2026-08-01
A-00211,P002884,2026-07,47.6,35,37.5,10.1,0.0,0.0,DEPOSIT,2,1,"M-ANOM-DEP, R-DEP-01",1,,Amanda,Melton,1974-12-28,SELF_EMPLOYED,Hair Salon Owner,148700.0,LOW,False,NC,2021-02-07,10600.0,100000.0,OPEN,2026-08-01
A-00212,P004031,2026-07,47.3,35,22.5,24.8,0.0,0.0,CARD,1,1,"M-ANOM-CRD, R-CRD-03",1,,Glenn,Romero,1994-04-13,MASS,Driver,68500.0,LOW,False,WA,2022-08-19,4220.0,220.0,OPEN,2026-08-01
A-00213,P003271,2026-07,47.2,35,22.5,24.7,0.0,0.0,CARD,1,1,"M-ANOM-CRD, R-CRD-03",1,,Lisa,Carpenter,1968-08-23,MASS,Administrative Assistant,39100.0,MEDIUM,False,AZ,2016-06-10,2700.0,230.0,OPEN,2026-08-01
A-00214,P004424,2026-07,46.4,35,32.1,14.3,0.0,0.0,DEPOSIT,1,1,"M-ANOM-DEP, R-DEP-02",1,,Jane,Johnson,1995-11-08,AFFLUENT,Dentist,250600.0,LOW,False,VA,2009-11-23,17850.0,430.0,OPEN,2026-08-01
A-00215,P003291,2026-07,46.0,35,31.7,14.3,0.0,0.0,DEPOSIT,1,1,"M-ANOM-DEP, R-DEP-02",1,,Doris,Jacobs,1974-05-25,AFFLUENT,Senior Executive,415500.0,LOW,False,GA,2017-03-11,30280.0,20.0,OPEN,2026-08-01
A-00216,P003156,2026-07,45.9,35,30.0,15.9,0.0,0.0,DEPOSIT,1,1,"M-ANOM-DEP, R-DEP-01",1,,Derrick,Smith,1988-03-06,SELF_EMPLOYED,Auto Repair Shop Owner,89000.0,LOW,False,NY,2025-08-21,6230.0,100000.0,OPEN,2026-08-01
A-00217,P004783,2026-07,45.8,35,22.5,23.3,0.0,0.0,DEPOSIT,1,1,"M-ANOM-DEP, R-DEP-04",1,,Chris,Hernandez,1997-06-18,MASS_AFFLUENT,Registered Nurse,134300.0,LOW,False,VA,2011-05-03,10410.0,360.0,OPEN,2026-08-01
A-00218,P003677,2026-07,45.5,35,32.4,13.1,0.0,0.0,DEPOSIT,1,1,"M-ANOM-DEP, R-DEP-02",1,,Maria,Buck,1996-11-16,AFFLUENT,Attorney,348000.0,LOW,False,WA,2005-03-09,27700.0,410.0,OPEN,2026-08-01
A-00219,P004955,2026-07,45.5,35,30.0,15.5,0.0,0.0,DEPOSIT,1,1,"M-ANOM-DEP, R-DEP-01",1,,Brian,Stewart,1993-11-17,SELF_EMPLOYED,Hair Salon Owner,61500.0,LOW,False,PA,2025-07-20,3790.0,100000.0,OPEN,2026-08-01
A-00220,P000995,2026-07,44.6,35,30.0,14.6,0.0,0.0,DEPOSIT,1,1,"M-ANOM-DEP, R-DEP-01",1,,Tina,Berg,1968-12-02,SELF_EMPLOYED,Auto Repair Shop Owner,119500.0,MEDIUM,False,IL,2025-08-15,7630.0,100000.0,OPEN,2026-08-01
A-00221,P003147,2026-07,44.6,35,20.0,24.6,0.0,0.0,DEPOSIT,1,1,"M-ANOM-DEP, R-DEP-03",1,,Diana,Long,1996-07-01,MASS,Administrative Assistant,49100.0,LOW,False,AZ,2008-08-18,3080.0,260.0,OPEN,2026-08-01
A-00222,P001266,2026-07,44.4,35,33.7,10.7,0.0,0.0,DEPOSIT,1,1,"M-ANOM-DEP, R-DEP-02",1,P005312 (JOINT),Wanda,Dalton,1978-05-07,AFFLUENT,Physician,253800.0,LOW,False,WA,2012-06-19,15500.0,410.0,OPEN,2026-08-01
A-00223,P003385,2026-07,44.2,35,17.4,21.8,0.0,5.0,DEPOSIT,1,1,"M-ANOM-DEP, R-DEP-04",1,,Keith,Figueroa,1995-08-31,MASS,Administrative Assistant,35500.0,HIGH,False,VA,2011-08-19,2560.0,220.0,OPEN,2026-08-01
A-00224,P003744,2026-07,44.2,35,28.8,15.4,0.0,0.0,DEPOSIT,1,1,"M-ANOM-DEP, R-DEP-05",1,,Andrew,Allison,1952-11-18,RETIREE,Retired,72400.0,LOW,False,VA,2021-07-06,4400.0,350.0,OPEN,2026-08-01
A-00225,P003755,2026-07,44.0,35,21.8,22.2,0.0,0.0,CARD,1,1,"M-ANOM-CRD, R-CRD-01",1,,Kyle,Reyes,1989-05-15,MASS,Administrative Assistant,47100.0,LOW,False,CA,2009-07-26,2880.0,420.0,OPEN,2026-08-01
A-00226,P002653,2026-07,43.0,35,21.5,21.5,0.0,0.0,CARD,1,1,"M-ANOM-CRD, R-CRD-04",1,,Jesse,White,1978-04-30,MASS,Driver,40800.0,LOW,False,OH,2019-01-23,2960.0,470.0,OPEN,2026-08-01
A-00227,P002558,2026-07,42.8,35,20.8,12.0,10.0,0.0,"CARD,LOAN",1,1,"M-ANOM-LN, R-CRD-04",2,,Julia,Ortiz,1972-04-13,MASS_AFFLUENT,Software Engineer,142100.0,LOW,False,AZ,2005-03-18,10740.0,240.0,OPEN,2026-08-01
A-00228,P001011,2026-07,42.7,35,22.0,20.7,0.0,0.0,CARD,1,1,"M-ANOM-CRD, R-CRD-01",1,P005245 (AUTHORIZED_USER),Diana,Melton,1997-06-20,MASS,Nurse Aide,40600.0,LOW,False,FL,2023-11-07,2750.0,400.0,OPEN,2026-08-01
A-00229,P004135,2026-07,42.7,35,32.5,10.2,0.0,0.0,DEPOSIT,1,1,"M-ANOM-DEP, R-DEP-02",1,,Erica,Alvarez,1983-02-03,AFFLUENT,Attorney,400100.0,LOW,False,IL,2011-02-24,27260.0,170.0,OPEN,2026-08-01
A-00230,P004206,2026-07,42.5,35,24.6,17.9,0.0,0.0,CARD,1,1,"M-ANOM-CRD, R-CRD-01",1,,Melanie,Stevens,1982-09-14,MASS,Teacher,43200.0,LOW,False,GA,2008-11-13,3080.0,490.0,OPEN,2026-08-01
A-00231,P002547,2026-07,42.4,35,21.4,21.0,0.0,0.0,CARD,1,1,"M-ANOM-CRD, R-CRD-01",1,,Angela,Becker,1972-10-12,SELF_EMPLOYED,Convenience Store Owner,142800.0,MEDIUM,False,NJ,2020-09-16,10720.0,6490.0,OPEN,2026-08-01
A-00232,P003339,2026-07,42.1,35,21.2,20.9,0.0,0.0,CARD,1,1,"M-ANOM-CRD, R-CRD-01",1,,William,Jackson,1986-03-25,MASS,Cook,37500.0,LOW,False,FL,2015-01-16,2760.0,110.0,OPEN,2026-08-01
A-00233,P004341,2026-07,41.6,35,28.1,13.5,0.0,0.0,DEPOSIT,1,1,"M-ANOM-DEP, R-DEP-02",1,,Bradley,Barry,1998-11-30,AFFLUENT,Senior Executive,151500.0,MEDIUM,False,NY,2015-09-17,10280.0,230.0,OPEN,2026-08-01
A-00234,P001152,2026-07,40.0,35,40.0,0.0,0.0,0.0,DEPOSIT,2,0,R-DEP-01,1,,Kirk,Jones,1970-09-09,SELF_EMPLOYED,Auto Repair Shop Owner,173400.0,MEDIUM,False,OH,2021-04-27,13460.0,100000.0,OPEN,2026-08-01
A-00235,P002632,2026-07,38.6,35,33.6,0.0,0.0,5.0,DEPOSIT,1,0,R-DEP-06,1,,Mark,Ruiz,1975-11-11,MASS,Teacher,55300.0,HIGH,False,TX,2006-06-15,3720.0,460.0,OPEN,2026-08-01
A-00236,P000727,2026-07,37.5,35,21.1,16.4,0.0,0.0,CARD,1,1,"M-ANOM-CRD, R-CRD-01",1,,Shannon,Olsen,2000-01-27,MASS,Retail Associate,58100.0,LOW,False,NJ,2013-09-14,3540.0,50.0,OPEN,2026-08-01
A-00237,P001741,2026-07,35.2,35,35.2,0.0,0.0,0.0,DEPOSIT,1,0,R-DEP-06,1,,Tracy,Olson,1969-07-14,MASS,Teacher,36500.0,LOW,False,MA,2005-06-14,2350.0,260.0,OPEN,2026-08-01
A-00238,P002202,2026-07,35.1,35,13.5,21.6,0.0,0.0,LOAN,1,1,"M-ANOM-LN, R-LN-03",1,,Joseph,Vazquez,1975-05-20,MASS,Retail Associate,29300.0,MEDIUM,False,GA,2009-05-19,2000.0,290.0,OPEN,2026-08-01
A-00239,P003081,2026-07,35.0,35,23.5,11.5,0.0,0.0,DEPOSIT,1,1,"M-ANOM-DEP, R-DEP-05",1,P005220 (JOINT),Brian,Stone,1972-08-08,MASS,Teacher,69600.0,LOW,False,PA,2008-12-13,4700.0,470.0,OPEN,2026-08-01
A-00240,P004870,2026-08,134.7,35,105.0,24.7,0.0,5.0,DEPOSIT,4,1,"M-ANOM-DEP, R-DEP-01, R-DEP-05, R-DEP-06",1,,Franklin,Carter,1969-04-13,MASS,Customer Service Rep,45200.0,HIGH,False,NY,2005-01-02,2760.0,230.0,OPEN,2026-09-01
A-00241,P003577,2026-08,129.4,35,105.0,24.4,0.0,0.0,DEPOSIT,3,1,"M-ANOM-DEP, R-DEP-03, R-DEP-05, R-DEP-06",1,,Eric,Wilcox,1972-10-16,MASS,Driver,53100.0,MEDIUM,False,NC,2018-04-11,3930.0,450.0,OPEN,2026-09-01
A-00242,P001052,2026-08,105.1,35,60.3,34.8,10.0,0.0,"DEPOSIT,LOAN",2,2,"M-ANOM-DEP, M-ANOM-LN, R-DEP-03, R-LN-02",2,P005358 (JOINT),Charles,Mitchell,1977-09-24,MASS_AFFLUENT,Police Officer,117900.0,LOW,False,OH,2022-07-21,9100.0,220.0,OPEN,2026-09-01
A-00243,P004437,2026-08,97.8,35,56.1,41.7,0.0,0.0,DEPOSIT,2,2,"M-ANOM-DEP, R-DEP-05",2,P002041 (JOINT),Charles,Nielsen,2000-07-28,MASS,Administrative Assistant,61300.0,MEDIUM,False,MA,2021-10-24,4400.0,420.0,OPEN,2026-09-01
A-00244,P003555,2026-08,91.1,35,67.4,23.8,0.0,0.0,CARD,3,1,"M-ANOM-CRD, R-CRD-02, R-XP-01",1,,Brandi,Wood,1990-06-11,MASS,Retail Associate,58500.0,LOW,False,NJ,2025-12-02,3830.0,340.0,OPEN,2026-09-01
A-00245,P002538,2026-08,81.4,35,57.4,14.0,10.0,0.0,"CARD,DEPOSIT",2,1,"M-ANOM-DEP, R-DEP-05, R-XP-01",2,,Stacy,Barber,1994-06-18,MASS,Nurse Aide,45500.0,MEDIUM,False,VA,2021-08-17,3510.0,200.0,OPEN,2026-09-01
A-00246,P004771,2026-08,75.4,35,55.7,19.7,0.0,0.0,DEPOSIT,2,1,"M-ANOM-DEP, R-DEP-03, R-DEP-06",1,,John,Levy,1992-04-10,MASS,Customer Service Rep,51400.0,LOW,False,PA,2008-07-17,4060.0,350.0,OPEN,2026-09-01
A-00247,P000121,2026-08,67.6,35,42.0,15.6,10.0,0.0,"DEPOSIT,LOAN",2,1,"M-ANOM-DEP, R-DEP-01, R-LN-03",2,,Kyle,Montgomery,1971-08-03,SELF_EMPLOYED,Restaurant Owner,58400.0,MEDIUM,False,FL,2024-08-21,4630.0,100000.0,OPEN,2026-09-01
A-00248,P002469,2026-08,64.3,35,40.9,23.4,0.0,0.0,DEPOSIT,2,1,"M-ANOM-DEP, R-DEP-02",1,P005450 (JOINT),Mary,Long,1973-01-27,MASS_AFFLUENT,Accountant,97300.0,MEDIUM,False,IL,2017-08-04,6830.0,160.0,OPEN,2026-09-01
A-00249,P004442,2026-08,63.0,35,40.2,22.8,0.0,0.0,DEPOSIT,2,1,"M-ANOM-DEP, R-DEP-02",1,,Tracy,Benjamin,1981-06-22,MASS_AFFLUENT,Engineer,121000.0,LOW,False,NJ,2018-09-02,9120.0,180.0,OPEN,2026-09-01
A-00250,P002884,2026-08,59.8,35,47.5,12.3,0.0,0.0,DEPOSIT,3,1,"M-ANOM-DEP, R-DEP-01",1,,Amanda,Melton,1974-12-28,SELF_EMPLOYED,Hair Salon Owner,148700.0,LOW,False,NC,2021-02-07,10600.0,100000.0,OPEN,2026-09-01
A-00251,P001304,2026-08,56.6,35,33.6,18.0,0.0,5.0,DEPOSIT,1,1,"M-ANOM-DEP, R-DEP-02",1,,Lindsey,Harmon,1989-12-24,AFFLUENT,Attorney,231600.0,HIGH,False,GA,2018-05-13,15240.0,0.0,OPEN,2026-09-01
A-00252,P003478,2026-08,56.2,35,34.4,21.8,0.0,0.0,LOAN,2,1,"M-ANOM-LN, R-LN-01, R-LN-03",1,P005552 (GUARANTOR),Andrew,Brown,1989-05-20,MASS,Administrative Assistant,65300.0,LOW,False,NC,2021-09-09,3920.0,100.0,OPEN,2026-09-01
A-00253,P004955,2026-08,55.6,35,37.5,18.1,0.0,0.0,DEPOSIT,2,1,"M-ANOM-DEP, R-DEP-01",1,,Brian,Stewart,1993-11-17,SELF_EMPLOYED,Hair Salon Owner,61500.0,LOW,False,PA,2025-07-20,3790.0,100000.0,OPEN,2026-09-01
A-00254,P003156,2026-08,53.7,35,40.0,13.7,0.0,0.0,DEPOSIT,2,1,"M-ANOM-DEP, R-DEP-01",1,,Derrick,Smith,1988-03-06,SELF_EMPLOYED,Auto Repair Shop Owner,89000.0,LOW,False,NY,2025-08-21,6230.0,100000.0,OPEN,2026-09-01
A-00255,P003840,2026-08,53.4,35,30.0,23.4,0.0,0.0,CARD,1,1,"M-ANOM-CRD, R-CRD-01",1,,Crystal,Owens,1999-03-23,MASS,Nurse Aide,69100.0,MEDIUM,False,TX,2025-01-07,4820.0,20.0,OPEN,2026-09-01
A-00256,P003431,2026-08,53.1,35,33.1,20.0,0.0,0.0,DEPOSIT,1,1,"M-ANOM-DEP, R-DEP-02",1,,Stephanie,Adams,1988-07-22,AFFLUENT,Physician,152600.0,LOW,False,PA,2021-06-19,10490.0,170.0,OPEN,2026-09-01
A-00257,P000999,2026-08,52.5,35,33.2,19.3,0.0,0.0,DEPOSIT,1,1,"M-ANOM-DEP, R-DEP-02",1,,Stephanie,Bender,1993-10-03,AFFLUENT,Physician,162300.0,LOW,False,MI,2006-10-17,11650.0,450.0,OPEN,2026-09-01
A-00258,P001165,2026-08,52.0,35,32.5,19.5,0.0,0.0,DEPOSIT,1,1,"M-ANOM-DEP, R-DEP-02",1,,Angela,Bowers,1966-11-28,AFFLUENT,Attorney,193500.0,LOW,False,OH,2012-11-10,13930.0,50.0,OPEN,2026-09-01
A-00259,P002486,2026-08,52.0,35,37.5,14.5,0.0,0.0,DEPOSIT,2,1,"M-ANOM-DEP, R-DEP-01",1,,Michael,Moore,1969-06-11,SELF_EMPLOYED,Auto Repair Shop Owner,95300.0,LOW,False,NJ,2011-02-01,6890.0,100000.0,OPEN,2026-09-01
A-00260,P002677,2026-08,51.4,35,27.0,24.4,0.0,0.0,LOAN,1,1,"M-ANOM-LN, R-LN-01",1,,Andrew,Miller,1982-08-22,SELF_EMPLOYED,Hair Salon Owner,47700.0,MEDIUM,False,NC,2019-01-13,3490.0,5920.0,OPEN,2026-09-01
A-00261,P003099,2026-08,51.1,35,34.1,17.0,0.0,0.0,DEPOSIT,1,1,"M-ANOM-DEP, R-DEP-02",1,,Kristine,Chen,1966-10-18,AFFLUENT,Business Owner,309600.0,LOW,False,OH,2012-03-12,21410.0,470.0,OPEN,2026-09-01
A-00262,P001705,2026-08,50.6,35,34.1,16.5,0.0,0.0,DEPOSIT,1,1,"M-ANOM-DEP, R-DEP-02",1,P005076 (JOINT),Barry,Chen,1971-04-20,AFFLUENT,Attorney,314200.0,LOW,False,PA,2016-11-13,19540.0,300.0,OPEN,2026-09-01
A-00263,P001367,2026-08,50.3,35,32.5,17.8,0.0,0.0,DEPOSIT,1,1,"M-ANOM-DEP, R-DEP-01",1,,Joseph,Russell,1965-11-18,SELF_EMPLOYED,Food Truck Owner,46100.0,LOW,False,CA,2012-08-25,3520.0,100000.0,OPEN,2026-09-01
A-00264,P000586,2026-08,49.9,35,32.5,17.4,0.0,0.0,DEPOSIT,1,1,"M-ANOM-DEP, R-DEP-02",1,,Aaron,Jacobs,1966-05-02,AFFLUENT,Business Owner,201000.0,LOW,False,NY,2010-01-27,15780.0,80.0,OPEN,2026-09-01
A-00265,P004352,2026-08,49.8,35,33.3,16.5,0.0,0.0,DEPOSIT,1,1,"M-ANOM-DEP, R-DEP-02",1,,Steven,Robinson,1972-02-29,AFFLUENT,Physician,270600.0,LOW,False,AZ,2008-08-20,17440.0,380.0,OPEN,2026-09-01
A-00266,P002823,2026-08,49.6,35,27.0,22.6,0.0,0.0,LOAN,1,1,"M-ANOM-LN, R-LN-01",1,,Larry,Green,1972-10-30,MASS,Retail Associate,40900.0,LOW,False,GA,2023-11-25,2530.0,60.0,OPEN,2026-09-01
A-00267,P002151,2026-08,49.2,35,33.1,16.1,0.0,0.0,DEPOSIT,1,1,"M-ANOM-DEP, R-DEP-02",1,,Julie,Mcintyre,1973-02-22,AFFLUENT,Attorney,376300.0,LOW,False,PA,2009-10-10,24630.0,380.0,OPEN,2026-09-01
A-00268,P001498,2026-08,48.9,35,33.3,15.6,0.0,0.0,DEPOSIT,1,1,"M-ANOM-DEP, R-DEP-02",1,,David,Escobar,1973-10-30,AFFLUENT,Investment Banker,209500.0,MEDIUM,False,FL,2009-01-14,13460.0,190.0,OPEN,2026-09-01
A-00269,P004206,2026-08,48.7,35,24.6,24.1,0.0,0.0,CARD,1,1,"M-ANOM-CRD, R-CRD-01",1,,Melanie,Stevens,1982-09-14,MASS,Teacher,43200.0,LOW,False,GA,2008-11-13,3080.0,490.0,OPEN,2026-09-01
A-00270,P001306,2026-08,47.0,35,30.2,11.8,0.0,5.0,DEPOSIT,1,1,"M-ANOM-DEP, R-DEP-06",1,,Katrina,Chen,2003-04-18,STUDENT,Student,5300.0,HIGH,False,IL,2019-07-05,320.0,290.0,OPEN,2026-09-01
A-00271,P002904,2026-08,45.2,35,22.5,22.7,0.0,0.0,DEPOSIT,1,1,"M-ANOM-DEP, R-DEP-04",1,,Sarah,Haley,1986-11-28,MASS_AFFLUENT,Police Officer,71300.0,MEDIUM,False,VA,2007-05-11,5080.0,290.0,OPEN,2026-09-01
A-00272,P001152,2026-08,45.0,35,45.0,0.0,0.0,0.0,DEPOSIT,3,0,R-DEP-01,1,,Kirk,Jones,1970-09-09,SELF_EMPLOYED,Auto Repair Shop Owner,173400.0,MEDIUM,False,OH,2021-04-27,13460.0,100000.0,OPEN,2026-09-01
A-00273,P001398,2026-08,44.7,35,22.5,22.2,0.0,0.0,DEPOSIT,1,1,"M-ANOM-DEP, R-DEP-04",1,,Sydney,Rodriguez,1996-07-22,MASS,Driver,60200.0,LOW,False,NC,2016-08-07,4190.0,330.0,OPEN,2026-09-01
A-00274,P004031,2026-08,44.1,35,22.5,21.6,0.0,0.0,CARD,1,1,"M-ANOM-CRD, R-CRD-03",1,,Glenn,Romero,1994-04-13,MASS,Driver,68500.0,LOW,False,WA,2022-08-19,4220.0,220.0,OPEN,2026-09-01
A-00275,P000958,2026-08,43.7,35,26.9,16.8,0.0,0.0,DEPOSIT,1,1,"M-ANOM-DEP, R-DEP-03",1,P004907 (JOINT),Erica,Contreras,1995-03-21,MASS,Administrative Assistant,44400.0,MEDIUM,False,AZ,2008-06-11,2980.0,420.0,OPEN,2026-09-01
A-00276,P002859,2026-08,43.5,35,21.0,22.5,0.0,0.0,CARD,1,1,"M-ANOM-CRD, R-CRD-01",1,,Gina,Cantrell,1966-11-11,SELF_EMPLOYED,Contractor,176400.0,LOW,False,AZ,2021-08-02,11630.0,330.0,OPEN,2026-09-01
A-00277,P000794,2026-08,43.4,35,21.4,22.0,0.0,0.0,CARD,1,1,"M-ANOM-CRD, R-CRD-01",1,,Daryl,Burch,1984-04-25,MASS,Cook,45000.0,MEDIUM,False,AZ,2023-12-04,3460.0,100.0,OPEN,2026-09-01
A-00278,P004965,2026-08,42.9,35,30.7,12.2,0.0,0.0,DEPOSIT,1,1,"M-ANOM-DEP, R-DEP-06",1,,Amanda,Castillo,2004-05-21,STUDENT,Student,7300.0,MEDIUM,False,IL,2022-11-06,520.0,200.0,OPEN,2026-09-01
A-00279,P000995,2026-08,41.3,35,30.0,11.3,0.0,0.0,DEPOSIT,1,1,"M-ANOM-DEP, R-DEP-01",1,,Tina,Berg,1968-12-02,SELF_EMPLOYED,Auto Repair Shop Owner,119500.0,MEDIUM,False,IL,2025-08-15,7630.0,100000.0,OPEN,2026-09-01
A-00280,P001831,2026-08,41.3,35,24.6,16.7,0.0,0.0,DEPOSIT,1,1,"M-ANOM-DEP, R-DEP-05",1,,Maria,Gordon,1952-03-09,RETIREE,Retired,65900.0,MEDIUM,False,WA,2008-02-20,4890.0,170.0,OPEN,2026-09-01
A-00281,P003076,2026-08,40.7,35,22.2,18.5,0.0,0.0,CARD,1,1,"M-ANOM-CRD, R-CRD-01",1,,Jeremy,Cameron,1964-06-14,MASS,Customer Service Rep,28400.0,LOW,False,NY,2012-01-19,2160.0,450.0,OPEN,2026-09-01
A-00282,P002360,2026-08,40.4,35,30.0,10.4,0.0,0.0,DEPOSIT,1,1,"M-ANOM-DEP, R-DEP-01",1,P003832 (JOINT),Danielle,Hernandez,1997-04-23,SELF_EMPLOYED,Food Truck Owner,106300.0,LOW,False,GA,2021-10-07,8240.0,100000.0,OPEN,2026-09-01
A-00283,P002001,2026-08,39.9,35,20.1,19.8,0.0,0.0,CARD,1,1,"M-ANOM-CRD, R-CRD-01",1,,Michael,White,1998-07-26,SELF_EMPLOYED,Contractor,172800.0,MEDIUM,False,GA,2023-12-14,13200.0,140.0,OPEN,2026-09-01
A-00284,P004270,2026-08,39.9,35,20.5,19.4,0.0,0.0,CARD,1,1,"M-ANOM-CRD, R-CRD-01",1,,Kristine,Nichols,1970-06-28,MASS,Teacher,54000.0,LOW,False,WA,2006-07-22,3470.0,310.0,OPEN,2026-09-01
A-00285,P002100,2026-08,39.1,35,20.4,18.7,0.0,0.0,CARD,1,1,"M-ANOM-CRD, R-CRD-01",1,,Thomas,Hebert,1985-10-22,MASS,Administrative Assistant,47600.0,LOW,False,PA,2009-04-08,3610.0,460.0,OPEN,2026-09-01
A-00286,P003744,2026-08,38.6,35,28.6,10.0,0.0,0.0,DEPOSIT,1,1,"M-ANOM-DEP, R-DEP-05",1,,Andrew,Allison,1952-11-18,RETIREE,Retired,72400.0,LOW,False,VA,2021-07-06,4400.0,350.0,OPEN,2026-09-01
A-00287,P000727,2026-08,38.5,35,22.0,16.5,0.0,0.0,CARD,1,1,"M-ANOM-CRD, R-CRD-01",1,,Shannon,Olsen,2000-01-27,MASS,Retail Associate,58100.0,LOW,False,NJ,2013-09-14,3540.0,50.0,OPEN,2026-09-01
A-00288,P003081,2026-08,37.8,35,23.7,14.1,0.0,0.0,DEPOSIT,1,1,"M-ANOM-DEP, R-DEP-05",1,P005220 (JOINT),Brian,Stone,1972-08-08,MASS,Teacher,69600.0,LOW,False,PA,2008-12-13,4700.0,470.0,OPEN,2026-09-01
A-00289,P000634,2026-08,37.1,35,27.1,0.0,10.0,0.0,"CARD,DEPOSIT",1,0,R-XP-01,1,,Natasha,Rodriguez,1997-06-24,MASS,Warehouse Worker,36400.0,LOW,False,GA,2021-12-18,2560.0,10.0,OPEN,2026-09-01
A-00290,P003794,2026-08,36.8,35,20.0,16.8,0.0,0.0,DEPOSIT,1,1,"M-ANOM-DEP, R-DEP-03",1,,Christopher,Brewer,1984-01-22,SELF_EMPLOYED,Consultant,50700.0,MEDIUM,False,NC,2011-07-24,3960.0,190.0,OPEN,2026-09-01
A-00291,P002132,2026-08,35.9,35,35.9,0.0,0.0,0.0,DEPOSIT,1,0,R-DEP-06,1,,Evelyn,Graham,1986-04-23,MASS,Administrative Assistant,53800.0,LOW,False,VA,2021-06-13,4260.0,20.0,OPEN,2026-09-01
A-00292,P004870,2026-09,149.2,35,119.3,24.9,0.0,5.0,DEPOSIT,6,1,"M-ANOM-DEP, R-DEP-01, R-DEP-02, R-DEP-05",1,,Franklin,Carter,1969-04-13,MASS,Customer Service Rep,45200.0,HIGH,False,NY,2005-01-02,2760.0,230.0,OPEN,2026-10-01
A-00293,P000121,2026-09,88.1,35,59.5,18.6,10.0,0.0,"DEPOSIT,LOAN",4,1,"M-ANOM-DEP, R-DEP-01, R-LN-03",2,,Kyle,Montgomery,1971-08-03,SELF_EMPLOYED,Restaurant Owner,58400.0,MEDIUM,False,FL,2024-08-21,4630.0,100000.0,OPEN,2026-10-01
A-00294,P004437,2026-09,83.9,35,48.2,35.7,0.0,0.0,DEPOSIT,2,2,"M-ANOM-DEP, R-DEP-05",2,P002041 (JOINT),Charles,Nielsen,2000-07-28,MASS,Administrative Assistant,61300.0,MEDIUM,False,MA,2021-10-24,4400.0,420.0,OPEN,2026-10-01
A-00295,P001026,2026-09,83.8,35,52.7,21.1,10.0,0.0,"DEPOSIT,LOAN",2,1,"M-ANOM-LN, R-LN-01, R-XP-01",1,,Bethany,Cox,1979-11-11,MASS,Retail Associate,66200.0,LOW,False,OH,2008-09-02,4320.0,450.0,OPEN,2026-10-01
A-00296,P004771,2026-09,78.6,35,59.7,18.9,0.0,0.0,DEPOSIT,2,1,"M-ANOM-DEP, R-DEP-03, R-DEP-06",1,,John,Levy,1992-04-10,MASS,Customer Service Rep,51400.0,LOW,False,PA,2008-07-17,4060.0,350.0,OPEN,2026-10-01
A-00297,P001367,2026-09,58.7,35,40.0,18.7,0.0,0.0,DEPOSIT,2,1,"M-ANOM-DEP, R-DEP-01",1,,Joseph,Russell,1965-11-18,SELF_EMPLOYED,Food Truck Owner,46100.0,LOW,False,CA,2012-08-25,3520.0,100000.0,OPEN,2026-10-01
A-00298,P003295,2026-09,53.0,35,32.2,20.8,0.0,0.0,DEPOSIT,1,1,"M-ANOM-DEP, R-DEP-02",1,,Ashley,Molina,1986-09-10,MASS,Electrician,29700.0,LOW,False,PA,2011-07-08,1830.0,120.0,OPEN,2026-10-01
A-00299,P004052,2026-09,52.5,35,33.6,18.9,0.0,0.0,DEPOSIT,1,1,"M-ANOM-DEP, R-DEP-02",1,,Charles,Gross,1985-05-08,AFFLUENT,Senior Executive,223000.0,LOW,False,NC,2007-07-10,17190.0,410.0,OPEN,2026-10-01
A-00300,P004690,2026-09,49.5,35,33.8,15.7,0.0,0.0,DEPOSIT,1,1,"M-ANOM-DEP, R-DEP-02",1,,Daniel,Lutz,1984-02-23,AFFLUENT,Physician,369200.0,MEDIUM,True,WA,2018-08-18,26120.0,180.0,OPEN,2026-10-01
A-00301,P002534,2026-09,49.0,35,27.0,22.0,0.0,0.0,LOAN,1,1,"M-ANOM-LN, R-LN-01",1,,Manuel,Gibson,1968-03-07,MASS_AFFLUENT,Sales Manager,81800.0,LOW,False,MA,2007-07-24,6280.0,420.0,OPEN,2026-10-01
A-00302,P001152,2026-09,48.9,35,37.5,11.4,0.0,0.0,DEPOSIT,2,1,"M-ANOM-DEP, R-DEP-01",1,,Kirk,Jones,1970-09-09,SELF_EMPLOYED,Auto Repair Shop Owner,173400.0,MEDIUM,False,OH,2021-04-27,13460.0,100000.0,OPEN,2026-10-01
A-00303,P002884,2026-09,48.1,35,48.1,0.0,0.0,0.0,DEPOSIT,3,0,R-DEP-01,1,,Amanda,Melton,1974-12-28,SELF_EMPLOYED,Hair Salon Owner,148700.0,LOW,False,NC,2021-02-07,10600.0,100000.0,OPEN,2026-10-01
A-00304,P004955,2026-09,47.6,35,30.0,17.6,0.0,0.0,DEPOSIT,1,1,"M-ANOM-DEP, R-DEP-01",1,,Brian,Stewart,1993-11-17,SELF_EMPLOYED,Hair Salon Owner,61500.0,LOW,False,PA,2025-07-20,3790.0,100000.0,OPEN,2026-10-01
A-00305,P002395,2026-09,46.8,35,33.2,13.6,0.0,0.0,DEPOSIT,1,1,"M-ANOM-DEP, R-DEP-06",1,,Luis,Morris,2004-03-12,STUDENT,Student,14100.0,LOW,False,MA,2025-12-17,980.0,190.0,OPEN,2026-10-01
A-00306,P004031,2026-09,46.2,35,22.5,23.7,0.0,0.0,CARD,1,1,"M-ANOM-CRD, R-CRD-03",1,,Glenn,Romero,1994-04-13,MASS,Driver,68500.0,LOW,False,WA,2022-08-19,4220.0,220.0,OPEN,2026-10-01
A-00307,P001162,2026-09,45.6,35,33.6,12.0,0.0,0.0,DEPOSIT,1,1,"M-ANOM-DEP, R-DEP-02",1,,Christina,Gomez,1995-09-11,AFFLUENT,Business Owner,272000.0,LOW,False,MI,2023-07-02,21690.0,90.0,OPEN,2026-10-01
A-00308,P000091,2026-09,44.9,35,21.4,23.5,0.0,0.0,CARD,1,1,"M-ANOM-CRD, R-CRD-01",1,P005284 (AUTHORIZED_USER),Jessica,Solomon,1979-12-05,MASS,Administrative Assistant,33600.0,LOW,False,MA,2007-11-20,2290.0,80.0,OPEN,2026-10-01
A-00309,P002910,2026-09,43.3,35,28.2,15.1,0.0,0.0,DEPOSIT,1,1,"M-ANOM-DEP, R-DEP-03",1,,Stephanie,Martinez,1990-10-07,MASS,Customer Service Rep,67000.0,LOW,False,NC,2017-01-13,4270.0,220.0,OPEN,2026-10-01
A-00310,P002819,2026-09,42.4,35,22.0,20.4,0.0,0.0,CARD,1,1,"M-ANOM-CRD, R-CRD-01",1,,Fred,Nolan,1987-06-27,MASS,Administrative Assistant,44600.0,LOW,False,WA,2014-06-14,3250.0,310.0,OPEN,2026-10-01
A-00311,P003973,2026-09,41.9,35,20.8,21.1,0.0,0.0,CARD,1,1,"M-ANOM-CRD, R-CRD-01",1,,Kim,Ross,1970-11-02,MASS,Warehouse Worker,34500.0,LOW,False,NC,2005-08-21,2120.0,390.0,OPEN,2026-10-01
A-00312,P003094,2026-09,41.3,35,26.3,15.0,0.0,0.0,DEPOSIT,1,1,"M-ANOM-DEP, R-DEP-03",1,P005427 (JOINT),Dale,Vazquez,1992-04-17,MASS,Driver,47300.0,MEDIUM,False,NJ,2014-10-13,2960.0,350.0,OPEN,2026-10-01
A-00313,P003156,2026-09,40.8,35,30.0,10.8,0.0,0.0,DEPOSIT,1,1,"M-ANOM-DEP, R-DEP-01",1,,Derrick,Smith,1988-03-06,SELF_EMPLOYED,Auto Repair Shop Owner,89000.0,LOW,False,NY,2025-08-21,6230.0,100000.0,OPEN,2026-10-01
A-00314,P001104,2026-09,39.7,35,20.0,19.7,0.0,0.0,CARD,1,1,"M-ANOM-CRD, R-CRD-01",1,,John,Hayes,1967-02-05,MASS,Administrative Assistant,66200.0,LOW,False,NC,2006-10-22,5100.0,370.0,OPEN,2026-10-01
A-00315,P000696,2026-09,37.9,35,21.6,16.3,0.0,0.0,CARD,1,1,"M-ANOM-CRD, R-CRD-01",1,,Alexandra,Roberts,2000-03-06,MASS,Driver,60000.0,LOW,False,FL,2024-02-15,4080.0,240.0,OPEN,2026-10-01
A-00316,P002825,2026-09,37.9,35,37.9,0.0,0.0,0.0,DEPOSIT,1,0,R-DEP-06,1,,Laura,Graham,1985-01-26,MASS,Customer Service Rep,35000.0,LOW,False,AZ,2012-05-21,2330.0,90.0,OPEN,2026-10-01
A-00317,P000652,2026-09,37.3,35,22.8,14.5,0.0,0.0,DEPOSIT,1,1,"M-ANOM-DEP, R-DEP-03",1,,David,Diaz,1981-04-27,MASS,Driver,51400.0,MEDIUM,False,OH,2009-03-06,3110.0,380.0,OPEN,2026-10-01
A-00318,P003076,2026-09,37.1,35,20.9,16.2,0.0,0.0,CARD,1,1,"M-ANOM-CRD, R-CRD-01",1,,Jeremy,Cameron,1964-06-14,MASS,Customer Service Rep,28400.0,LOW,False,NY,2012-01-19,2160.0,450.0,OPEN,2026-10-01
A-00319,P000580,2026-09,36.9,35,20.3,16.6,0.0,0.0,CARD,1,1,"M-ANOM-CRD, R-CRD-01",1,P004955 (AUTHORIZED_USER),Jennifer,Shah,1988-07-27,MASS,Administrative Assistant,69300.0,LOW,False,VA,2024-02-14,5330.0,50.0,OPEN,2026-10-01
A-00320,P003339,2026-09,35.2,35,20.2,15.0,0.0,0.0,CARD,1,1,"M-ANOM-CRD, R-CRD-01",1,,William,Jackson,1986-03-25,MASS,Cook,37500.0,LOW,False,FL,2015-01-16,2760.0,110.0,OPEN,2026-10-01
A-00321,P001011,2026-09,35.0,35,20.1,14.9,0.0,0.0,CARD,1,1,"M-ANOM-CRD, R-CRD-01",1,P005245 (AUTHORIZED_USER),Diana,Melton,1997-06-20,MASS,Nurse Aide,40600.0,LOW,False,FL,2023-11-07,2750.0,400.0,OPEN,2026-10-01
