alert_id,account_id,account_score,n_events,scenarios_hit,is_triggering,product_type,product_subtype,party_role,open_date,status,linked_secondary_parties,pct_of_alert_score
A-00001,ACC0010483,167.95,7,"M-ANOM-DEP, R-DEP-01, R-DEP-02, R-DEP-05, R-DEP-06",True,DEPOSIT,CHECKING,PRIMARY,2015-05-26,ACTIVE,,1.0
A-00001,ACC0010484,0.0,0,,False,DEPOSIT,CD,PRIMARY,2022-09-03,ACTIVE,,0.0
A-00001,ACC0010485,0.0,0,,False,CARD,CREDIT_CARD,PRIMARY,2013-08-02,ACTIVE,,0.0
A-00002,ACC0002684,104.72,5,"M-ANOM-DEP, R-DEP-01, R-DEP-05",True,DEPOSIT,CHECKING,PRIMARY,2023-06-05,ACTIVE,,1.0
A-00002,ACC0002685,0.0,0,,False,DEPOSIT,SAVINGS,PRIMARY,2008-08-31,ACTIVE,,0.0
A-00002,ACC0002686,0.0,0,,False,LOAN,PERSONAL_LOAN,PRIMARY,2022-10-06,ACTIVE,,0.0
A-00003,ACC0000997,99.8,3,"M-ANOM-DEP, R-DEP-05, R-DEP-06",True,DEPOSIT,CHECKING,PRIMARY,2024-07-11,ACTIVE,,1.0
A-00003,ACC0000998,0.0,0,,False,DEPOSIT,SAVINGS,PRIMARY,2025-08-09,ACTIVE,,0.0
A-00003,ACC0000999,0.0,0,,False,CARD,CREDIT_CARD,PRIMARY,2020-05-19,ACTIVE,,0.0
A-00004,ACC0010742,26.4,1,R-XP-01,True,CARD,CREDIT_CARD,PRIMARY,2024-11-06,ACTIVE,,0.273
A-00004,ACC0002357,20.1,1,M-ANOM-LN,True,LOAN,PERSONAL_LOAN,PRIMARY,2025-03-06,ACTIVE,,0.208
A-00004,ACC0010740,19.1,1,M-ANOM-DEP,True,DEPOSIT,CHECKING,PRIMARY,2025-10-28,ACTIVE,,0.198
A-00004,ACC0010741,11.1,1,M-ANOM-DEP,True,DEPOSIT,SAVINGS,PRIMARY,2026-01-18,ACTIVE,,0.115
A-00005,ACC0010738,87.5,3,"M-ANOM-DEP, R-DEP-05, R-DEP-06",True,DEPOSIT,CHECKING,PRIMARY,2024-05-07,ACTIVE,P005126 (JOINT),1.0
A-00005,ACC0003814,0.0,0,,False,CARD,CREDIT_CARD,PRIMARY,2024-07-09,ACTIVE,,0.0
A-00006,ACC0005493,79.2,3,"M-ANOM-DEP, R-DEP-03, R-DEP-06",True,DEPOSIT,CHECKING,PRIMARY,2022-05-23,ACTIVE,P005295 (JOINT),1.0
A-00006,ACC0005494,0.0,0,,False,DEPOSIT,SAVINGS,PRIMARY,2024-09-19,ACTIVE,,0.0
A-00007,ACC0010716,71.75,3,"R-CRD-02, R-XP-01",True,CARD,CREDIT_CARD,PRIMARY,2022-04-25,ACTIVE,,0.999
A-00007,ACC0003557,0.0,0,,False,DEPOSIT,CHECKING,PRIMARY,2024-01-08,ACTIVE,P005069 (JOINT),0.0
A-00007,ACC0003558,0.0,0,,False,DEPOSIT,SAVINGS,PRIMARY,2023-04-27,ACTIVE,P005259 (JOINT),0.0
A-00008,ACC0000110,42.2,2,"M-ANOM-CRD, R-CRD-05",True,CARD,CREDIT_CARD,PRIMARY,2022-11-05,ACTIVE,P005545 (AUTHORIZED_USER),0.657
A-00008,ACC0000111,12.0,1,R-LN-03,True,LOAN,PERSONAL_LOAN,PRIMARY,2023-08-22,ACTIVE,,0.187
A-00009,ACC0006162,63.38,3,"M-ANOM-DEP, R-DEP-02",True,DEPOSIT,CHECKING,PRIMARY,2020-01-18,ACTIVE,,1.0
A-00009,ACC0006163,0.0,0,,False,LOAN,PERSONAL_LOAN,PRIMARY,2023-06-27,ACTIVE,,0.0
A-00010,ACC0010607,58.4,3,"M-ANOM-DEP, R-DEP-01",True,DEPOSIT,CHECKING,PRIMARY,2025-09-24,ACTIVE,,1.0
A-00010,ACC0010608,0.0,0,,False,DEPOSIT,SAVINGS,PRIMARY,2025-08-04,ACTIVE,P005476 (JOINT),0.0
A-00010,ACC0010609,0.0,0,,False,CARD,CREDIT_CARD,PRIMARY,2025-08-26,ACTIVE,,0.0
A-00010,ACC0010610,0.0,0,,False,LOAN,AUTO_LOAN,PRIMARY,2026-01-05,ACTIVE,,0.0
A-00011,ACC0005337,57.519999999999996,3,"M-ANOM-DEP, R-DEP-01",True,DEPOSIT,CHECKING,PRIMARY,2022-06-30,ACTIVE,,1.0
A-00012,ACC0008361,56.6,2,"M-ANOM-DEP, R-DEP-02",True,DEPOSIT,CHECKING,PRIMARY,2024-03-21,ACTIVE,,1.0
A-00012,ACC0008362,0.0,0,,False,DEPOSIT,SAVINGS,PRIMARY,2021-09-13,ACTIVE,,0.0
A-00012,ACC0008363,0.0,0,,False,LOAN,PERSONAL_LOAN,PRIMARY,2022-06-28,ACTIVE,,0.0
A-00013,ACC0007288,56.400000000000006,2,"M-ANOM-DEP, R-DEP-02",True,DEPOSIT,CHECKING,PRIMARY,2024-08-18,ACTIVE,,1.0
A-00013,ACC0007289,0.0,0,,False,CARD,CREDIT_CARD,PRIMARY,2025-07-11,ACTIVE,P004176 (AUTHORIZED_USER),0.0
A-00014,ACC0005879,52.0,2,"M-ANOM-DEP, R-DEP-02",True,DEPOSIT,CHECKING,PRIMARY,2015-06-17,ACTIVE,,1.0
A-00014,ACC0005880,0.0,0,,False,DEPOSIT,SAVINGS,PRIMARY,2020-05-11,ACTIVE,,0.0
A-00014,ACC0005881,0.0,0,,False,CARD,CREDIT_CARD,PRIMARY,2019-02-27,ACTIVE,,0.0
A-00015,ACC0001270,51.599999999999994,2,"M-ANOM-DEP, R-DEP-02",True,DEPOSIT,CHECKING,PRIMARY,2023-10-04,ACTIVE,,1.0
A-00015,ACC0001271,0.0,0,,False,CARD,CREDIT_CARD,PRIMARY,2014-12-06,ACTIVE,P005353 (AUTHORIZED_USER),0.0
A-00015,ACC0001272,0.0,0,,False,LOAN,PERSONAL_LOAN,PRIMARY,2023-01-15,ACTIVE,,0.0
A-00016,ACC0000913,51.4,2,"M-ANOM-DEP, R-DEP-06",True,DEPOSIT,CHECKING,PRIMARY,2021-07-27,ACTIVE,,1.0
A-00016,ACC0000914,0.0,0,,False,DEPOSIT,SAVINGS,PRIMARY,2020-03-14,ACTIVE,,0.0
A-00016,ACC0000915,0.0,0,,False,DEPOSIT,CD,PRIMARY,2023-06-14,ACTIVE,,0.0
A-00016,ACC0000916,0.0,0,,False,CARD,CREDIT_CARD,PRIMARY,2021-05-05,ACTIVE,,0.0
A-00016,ACC0000917,0.0,0,,False,LOAN,AUTO_LOAN,PRIMARY,2025-08-30,ACTIVE,,0.0
A-00017,ACC0003539,51.4,2,"M-ANOM-DEP, R-DEP-02",True,DEPOSIT,CHECKING,PRIMARY,2021-11-26,ACTIVE,,1.0
A-00017,ACC0003540,0.0,0,,False,DEPOSIT,SAVINGS,PRIMARY,2020-08-08,ACTIVE,,0.0
A-00017,ACC0003541,0.0,0,,False,CARD,CREDIT_CARD,PRIMARY,2021-04-04,ACTIVE,,0.0
A-00018,ACC0006627,51.400000000000006,2,"M-ANOM-DEP, R-DEP-02",True,DEPOSIT,CHECKING,PRIMARY,2023-09-29,ACTIVE,,1.0
A-00019,ACC0009802,51.400000000000006,2,"M-ANOM-DEP, R-DEP-02",True,DEPOSIT,CHECKING,PRIMARY,2015-08-17,ACTIVE,,1.0
A-00019,ACC0009803,0.0,0,,False,DEPOSIT,SAVINGS,PRIMARY,2018-01-04,ACTIVE,,0.0
A-00019,ACC0009804,0.0,0,,False,CARD,CREDIT_CARD,PRIMARY,2025-05-17,ACTIVE,P003161 (AUTHORIZED_USER),0.0
A-00020,ACC0009964,51.2,2,"M-ANOM-DEP, R-DEP-02",True,DEPOSIT,CHECKING,PRIMARY,2021-02-13,ACTIVE,,1.0
A-00020,ACC0009965,0.0,0,,False,DEPOSIT,SAVINGS,PRIMARY,2025-10-06,ACTIVE,,0.0
A-00021,ACC0006177,51.1,3,"M-ANOM-DEP, R-DEP-01",True,DEPOSIT,CHECKING,PRIMARY,2022-06-20,ACTIVE,,1.0
A-00021,ACC0006178,0.0,0,,False,DEPOSIT,SAVINGS,PRIMARY,2021-09-10,ACTIVE,P005183 (JOINT),0.0
A-00022,ACC0005680,50.7,2,"M-ANOM-DEP, R-DEP-02",True,DEPOSIT,CHECKING,PRIMARY,2025-09-29,ACTIVE,,1.0
A-00022,ACC0005681,0.0,0,,False,DEPOSIT,SAVINGS,PRIMARY,2025-03-23,ACTIVE,,0.0
A-00022,ACC0005682,0.0,0,,False,CARD,CREDIT_CARD,PRIMARY,2026-02-15,ACTIVE,,0.0
A-00023,ACC0001601,50.400000000000006,2,"M-ANOM-DEP, R-DEP-02",True,DEPOSIT,CHECKING,PRIMARY,2022-08-12,ACTIVE,,1.0
A-00023,ACC0001602,0.0,0,,False,LOAN,PERSONAL_LOAN,PRIMARY,2025-05-17,ACTIVE,,0.0
A-00024,ACC0002981,49.8,2,"M-ANOM-DEP, R-DEP-02",True,DEPOSIT,CHECKING,PRIMARY,2020-01-02,ACTIVE,,1.0
A-00024,ACC0002982,0.0,0,,False,DEPOSIT,SAVINGS,PRIMARY,2019-01-27,ACTIVE,,0.0
A-00024,ACC0002983,0.0,0,,False,CARD,CREDIT_CARD,PRIMARY,2016-07-19,ACTIVE,,0.0
A-00025,ACC0009253,49.7,2,"M-ANOM-DEP, R-DEP-02",True,DEPOSIT,CHECKING,PRIMARY,2021-01-08,ACTIVE,,1.0
A-00025,ACC0009254,0.0,0,,False,DEPOSIT,SAVINGS,PRIMARY,2017-12-26,ACTIVE,,0.0
A-00026,ACC0009312,49.699999999999996,2,"M-ANOM-DEP, R-DEP-02",True,DEPOSIT,CHECKING,PRIMARY,2016-11-25,ACTIVE,,1.0
A-00026,ACC0009313,0.0,0,,False,DEPOSIT,SAVINGS,PRIMARY,2011-08-04,ACTIVE,,0.0
A-00026,ACC0009314,0.0,0,,False,CARD,CREDIT_CARD,PRIMARY,2019-07-06,ACTIVE,,0.0
A-00027,ACC0002934,48.8,2,"M-ANOM-DEP, R-DEP-01",True,DEPOSIT,CHECKING,PRIMARY,2017-03-26,ACTIVE,,1.0
A-00027,ACC0002935,0.0,0,,False,DEPOSIT,CD,PRIMARY,2013-05-31,ACTIVE,,0.0
A-00028,ACC0004930,43.3,2,"M-ANOM-DEP, R-DEP-06",True,DEPOSIT,CHECKING,PRIMARY,2025-03-11,ACTIVE,,0.896
A-00028,ACC0004931,0.0,0,,False,DEPOSIT,CD,PRIMARY,2016-04-05,ACTIVE,,0.0
A-00028,ACC0004932,0.0,0,,False,CARD,CREDIT_CARD,PRIMARY,2009-11-03,ACTIVE,,0.0
A-00028,ACC0004933,0.0,0,,False,LOAN,MORTGAGE,PRIMARY,2015-09-01,ACTIVE,P001328 (GUARANTOR),0.0
A-00029,ACC0005058,47.5,2,"M-ANOM-DEP, R-DEP-01",True,DEPOSIT,CHECKING,PRIMARY,2022-12-23,ACTIVE,P003832 (JOINT),1.0
A-00029,ACC0005059,0.0,0,,False,DEPOSIT,SAVINGS,PRIMARY,2023-10-05,ACTIVE,,0.0
A-00029,ACC0005060,0.0,0,,False,DEPOSIT,CD,PRIMARY,2022-01-24,ACTIVE,,0.0
A-00030,ACC0009332,47.3,2,"M-ANOM-DEP, R-DEP-02",True,DEPOSIT,CHECKING,PRIMARY,2023-11-17,ACTIVE,,1.0
A-00031,ACC0001478,46.8,2,"M-ANOM-DEP, R-DEP-02",True,DEPOSIT,CHECKING,PRIMARY,2025-06-11,ACTIVE,,1.0
A-00031,ACC0001479,0.0,0,,False,LOAN,PERSONAL_LOAN,PRIMARY,2023-09-20,ACTIVE,,0.0
A-00032,ACC0009436,46.6,2,"M-ANOM-DEP, R-DEP-02",True,DEPOSIT,CHECKING,PRIMARY,2017-01-03,ACTIVE,,1.0
A-00032,ACC0009437,0.0,0,,False,DEPOSIT,CD,PRIMARY,2024-06-14,ACTIVE,,0.0
A-00032,ACC0009438,0.0,0,,False,CARD,CREDIT_CARD,PRIMARY,2025-12-17,ACTIVE,,0.0
A-00033,ACC0002157,45.7,2,"M-ANOM-DEP, R-DEP-06",True,DEPOSIT,CHECKING,PRIMARY,2018-12-21,ACTIVE,,1.0
A-00033,ACC0002158,0.0,0,,False,LOAN,PERSONAL_LOAN,PRIMARY,2023-01-03,ACTIVE,,0.0
A-00034,ACC0000169,45.3,2,"M-ANOM-DEP, R-DEP-06",True,DEPOSIT,CHECKING,PRIMARY,2025-07-30,ACTIVE,,1.0
A-00034,ACC0000170,0.0,0,,False,DEPOSIT,SAVINGS,PRIMARY,2026-01-01,ACTIVE,,0.0
A-00034,ACC0000171,0.0,0,,False,CARD,CREDIT_CARD,PRIMARY,2025-09-08,ACTIVE,,0.0
A-00035,ACC0010299,44.2,2,"M-ANOM-CRD, R-CRD-01",True,CARD,CREDIT_CARD,PRIMARY,2018-01-24,ACTIVE,P002433 (AUTHORIZED_USER),1.0
A-00035,ACC0010297,0.0,0,,False,DEPOSIT,CHECKING,PRIMARY,2019-12-25,ACTIVE,P005359 (JOINT),0.0
A-00035,ACC0010298,0.0,0,,False,DEPOSIT,SAVINGS,PRIMARY,2015-10-24,ACTIVE,,0.0
A-00035,ACC0010300,0.0,0,,False,LOAN,PERSONAL_LOAN,PRIMARY,2024-08-28,ACTIVE,P000487 (GUARANTOR),0.0
A-00036,ACC0009021,42.4,2,"M-ANOM-CRD, R-CRD-01",True,CARD,CREDIT_CARD,PRIMARY,2026-03-24,ACTIVE,,1.0
A-00036,ACC0009020,0.0,0,,False,DEPOSIT,CHECKING,PRIMARY,2025-10-10,ACTIVE,,0.0
A-00037,ACC0002114,41.599999999999994,2,"M-ANOM-DEP, R-DEP-03",True,DEPOSIT,CHECKING,PRIMARY,2025-10-17,ACTIVE,,1.0
A-00038,ACC0007479,41.6,2,"M-ANOM-DEP, R-DEP-03",True,DEPOSIT,CHECKING,PRIMARY,2021-01-15,ACTIVE,P005171 (JOINT),1.0
A-00038,ACC0007480,0.0,0,,False,DEPOSIT,SAVINGS,PRIMARY,2019-12-28,ACTIVE,,0.0
A-00038,ACC0007481,0.0,0,,False,CARD,CREDIT_CARD,PRIMARY,2026-03-19,ACTIVE,P005419 (AUTHORIZED_USER),0.0
A-00038,ACC0007482,0.0,0,,False,LOAN,PERSONAL_LOAN,PRIMARY,2022-04-20,ACTIVE,P005200 (CO_BORROWER),0.0
A-00039,ACC0008534,41.6,2,"M-ANOM-DEP, R-DEP-06",True,DEPOSIT,CHECKING,PRIMARY,2024-01-08,ACTIVE,,1.0
A-00040,ACC0007584,41.3,2,"M-ANOM-DEP, R-DEP-06",True,DEPOSIT,CHECKING,PRIMARY,2023-11-23,ACTIVE,,1.0
A-00040,ACC0007585,0.0,0,,False,CARD,CREDIT_CARD,PRIMARY,2017-11-11,ACTIVE,,0.0
A-00041,ACC0007652,41.3,2,"M-ANOM-DEP, R-DEP-03",True,DEPOSIT,CHECKING,PRIMARY,2025-08-11,ACTIVE,,1.0
A-00041,ACC0007653,0.0,0,,False,CARD,CREDIT_CARD,PRIMARY,2024-12-26,ACTIVE,P005521 (AUTHORIZED_USER),0.0
A-00042,ACC0007808,40.599999999999994,2,"M-ANOM-CRD, R-CRD-01",True,CARD,CREDIT_CARD,PRIMARY,2025-10-01,ACTIVE,P000270 (AUTHORIZED_USER),1.0
A-00042,ACC0007807,0.0,0,,False,DEPOSIT,CHECKING,PRIMARY,2021-08-06,ACTIVE,,0.0
A-00043,ACC0001022,40.2,1,R-DEP-06,True,DEPOSIT,CHECKING,PRIMARY,2026-03-18,ACTIVE,,1.0
A-00043,ACC0001023,0.0,0,,False,DEPOSIT,SAVINGS,PRIMARY,2013-11-30,ACTIVE,,0.0
A-00043,ACC0001024,0.0,0,,False,CARD,CREDIT_CARD,PRIMARY,2011-10-23,ACTIVE,,0.0
A-00043,ACC0001025,0.0,0,,False,LOAN,AUTO_LOAN,PRIMARY,2022-07-08,ACTIVE,,0.0
A-00044,ACC0006235,40.1,2,"M-ANOM-DEP, R-DEP-03",True,DEPOSIT,CHECKING,PRIMARY,2023-05-25,ACTIVE,,1.0
A-00044,ACC0006236,0.0,0,,False,DEPOSIT,SAVINGS,PRIMARY,2019-12-21,ACTIVE,,0.0
A-00044,ACC0006237,0.0,0,,False,DEPOSIT,CD,PRIMARY,2022-03-20,ACTIVE,,0.0
A-00045,ACC0000247,16.5,1,M-ANOM-DEP,True,DEPOSIT,CHECKING,PRIMARY,2025-07-25,ACTIVE,,0.429
A-00045,ACC0000250,12.0,1,R-LN-03,True,LOAN,PERSONAL_LOAN,PRIMARY,2025-08-14,ACTIVE,,0.312
A-00045,ACC0000248,0.0,0,,False,DEPOSIT,SAVINGS,PRIMARY,2026-01-03,ACTIVE,,0.0
A-00045,ACC0000249,0.0,0,,False,CARD,CREDIT_CARD,PRIMARY,2025-03-11,ACTIVE,,0.0
A-00046,ACC0000297,38.5,2,"M-ANOM-DEP, R-DEP-03",True,DEPOSIT,CHECKING,PRIMARY,2026-01-03,ACTIVE,,1.0
A-00046,ACC0000298,0.0,0,,False,DEPOSIT,CD,PRIMARY,2026-02-28,ACTIVE,,0.0
A-00046,ACC0000299,0.0,0,,False,CARD,CREDIT_CARD,PRIMARY,2026-02-15,ACTIVE,,0.0
A-00047,ACC0007384,32.3,2,"M-ANOM-LN, R-LN-03",True,LOAN,PERSONAL_LOAN,PRIMARY,2025-03-28,ACTIVE,,0.866
A-00047,ACC0007382,0.0,0,,False,DEPOSIT,CHECKING,PRIMARY,2025-10-15,ACTIVE,,0.0
A-00047,ACC0007383,0.0,0,,False,CARD,CREDIT_CARD,PRIMARY,2026-03-10,ACTIVE,,0.0
A-00048,ACC0010718,35.900000000000006,2,"M-ANOM-CRD, R-CRD-02",True,CARD,CREDIT_CARD,PRIMARY,2025-10-10,ACTIVE,,1.0
A-00048,ACC0000117,0.0,0,,False,DEPOSIT,CHECKING,PRIMARY,2023-11-21,ACTIVE,,0.0
A-00048,ACC0000118,0.0,0,,False,DEPOSIT,SAVINGS,PRIMARY,2025-03-04,ACTIVE,,0.0
A-00048,ACC0000119,0.0,0,,False,LOAN,PERSONAL_LOAN,PRIMARY,2024-09-29,ACTIVE,,0.0
A-00049,ACC0003516,35.6,2,"M-ANOM-CRD, R-CRD-03",True,CARD,CREDIT_CARD,PRIMARY,2020-05-15,ACTIVE,,1.0
A-00049,ACC0003515,0.0,0,,False,DEPOSIT,CHECKING,PRIMARY,2014-07-25,ACTIVE,,0.0
A-00050,ACC0004494,35.5,2,"M-ANOM-CRD, R-CRD-01",True,CARD,CREDIT_CARD,PRIMARY,2010-06-27,ACTIVE,,1.0
A-00050,ACC0004493,0.0,0,,False,DEPOSIT,CHECKING,PRIMARY,2023-07-26,ACTIVE,,0.0
A-00051,ACC0003339,35.2,2,"M-ANOM-CRD, R-CRD-03",True,CARD,CREDIT_CARD,PRIMARY,2023-08-06,ACTIVE,,1.0
A-00051,ACC0003338,0.0,0,,False,DEPOSIT,CHECKING,PRIMARY,2019-09-11,ACTIVE,,0.0
A-00052,ACC0007726,35.2,2,"M-ANOM-CRD, R-CRD-01",True,CARD,CREDIT_CARD,PRIMARY,2022-01-07,ACTIVE,,1.0
A-00052,ACC0007725,0.0,0,,False,DEPOSIT,CHECKING,PRIMARY,2018-08-19,ACTIVE,,0.0
A-00053,ACC0003646,159.8,6,"M-ANOM-DEP, R-DEP-01, R-DEP-03, R-DEP-05, R-DEP-06",True,DEPOSIT,CHECKING,PRIMARY,2025-07-12,ACTIVE,P005590 (JOINT),1.0
A-00054,ACC0002572,136.51999999999998,6,"M-ANOM-DEP, R-DEP-01, R-DEP-05, R-DEP-06",True,DEPOSIT,CHECKING,PRIMARY,2024-02-01,ACTIVE,P001333 (JOINT),1.0
A-00055,ACC0010483,131.97,6,"M-ANOM-DEP, R-DEP-01, R-DEP-02, R-DEP-05",True,DEPOSIT,CHECKING,PRIMARY,2015-05-26,ACTIVE,,1.0
A-00055,ACC0010484,0.0,0,,False,DEPOSIT,CD,PRIMARY,2022-09-03,ACTIVE,,0.0
A-00055,ACC0010485,0.0,0,,False,CARD,CREDIT_CARD,PRIMARY,2013-08-02,ACTIVE,,0.0
A-00056,ACC0003102,126.3,4,"M-ANOM-DEP, R-DEP-03, R-DEP-05, R-DEP-06",True,DEPOSIT,CHECKING,PRIMARY,2019-01-01,ACTIVE,,1.0
A-00056,ACC0003103,0.0,0,,False,DEPOSIT,SAVINGS,PRIMARY,2014-02-26,ACTIVE,,0.0
A-00056,ACC0003104,0.0,0,,False,LOAN,PERSONAL_LOAN,PRIMARY,2026-02-19,ACTIVE,,0.0
A-00057,ACC0010706,124.22,5,"M-ANOM-DEP, R-DEP-01, R-DEP-02, R-DEP-05",True,DEPOSIT,CHECKING,PRIMARY,2017-04-16,ACTIVE,,1.0
A-00057,ACC0006117,0.0,0,,False,CARD,CREDIT_CARD,PRIMARY,2017-09-24,ACTIVE,,0.0
A-00058,ACC0002684,122.62,5,"M-ANOM-DEP, R-DEP-01, R-DEP-02, R-DEP-05",True,DEPOSIT,CHECKING,PRIMARY,2023-06-05,ACTIVE,,1.0
A-00058,ACC0002685,0.0,0,,False,DEPOSIT,SAVINGS,PRIMARY,2008-08-31,ACTIVE,,0.0
A-00058,ACC0002686,0.0,0,,False,LOAN,PERSONAL_LOAN,PRIMARY,2022-10-06,ACTIVE,,0.0
A-00059,ACC0010739,120.3,4,"M-ANOM-DEP, R-DEP-03, R-DEP-05, R-DEP-06",True,DEPOSIT,CHECKING,PRIMARY,2022-12-13,ACTIVE,P005369 (JOINT),1.0
A-00059,ACC0006709,0.0,0,,False,CARD,CREDIT_CARD,PRIMARY,2025-09-04,ACTIVE,,0.0
A-00060,ACC0005491,76.8,3,"M-ANOM-CRD, R-CRD-04, R-XP-01",True,CARD,CREDIT_CARD,PRIMARY,2021-11-16,ACTIVE,,0.745
A-00060,ACC0005492,11.3,1,M-ANOM-LN,True,LOAN,MORTGAGE,PRIMARY,2005-05-28,ACTIVE,,0.11
A-00060,ACC0010725,0.0,0,,False,DEPOSIT,CHECKING,PRIMARY,2017-01-25,ACTIVE,,0.0
A-00061,ACC0010707,98.5,3,"M-ANOM-DEP, R-DEP-05, R-DEP-06",True,DEPOSIT,CHECKING,PRIMARY,2020-01-23,ACTIVE,,1.0
A-00061,ACC0005322,0.0,0,,False,CARD,CREDIT_CARD,PRIMARY,2025-11-30,ACTIVE,P002839 (AUTHORIZED_USER),0.0
A-00061,ACC0005323,0.0,0,,False,LOAN,AUTO_LOAN,PRIMARY,2021-04-27,ACTIVE,,0.0
A-00062,ACC0008704,95.3,3,"M-ANOM-DEP, R-DEP-05, R-DEP-06",True,DEPOSIT,CHECKING,PRIMARY,2024-08-19,ACTIVE,,1.0
A-00062,ACC0008705,0.0,0,,False,DEPOSIT,SAVINGS,PRIMARY,2022-12-31,ACTIVE,,0.0
A-00062,ACC0008706,0.0,0,,False,CARD,CREDIT_CARD,PRIMARY,2026-03-01,ACTIVE,,0.0
A-00062,ACC0008707,0.0,0,,False,LOAN,PERSONAL_LOAN,PRIMARY,2023-08-24,ACTIVE,,0.0
A-00063,ACC0000997,89.1,3,"M-ANOM-DEP, R-DEP-05, R-DEP-06",True,DEPOSIT,CHECKING,PRIMARY,2024-07-11,ACTIVE,,1.0
A-00063,ACC0000998,0.0,0,,False,DEPOSIT,SAVINGS,PRIMARY,2025-08-09,ACTIVE,,0.0
A-00063,ACC0000999,0.0,0,,False,CARD,CREDIT_CARD,PRIMARY,2020-05-19,ACTIVE,,0.0
A-00064,ACC0001913,48.5,2,"M-ANOM-DEP, R-DEP-02",True,DEPOSIT,CHECKING,PRIMARY,2019-11-30,ACTIVE,,0.55
A-00064,ACC0001914,29.7,1,R-CRD-02,True,CARD,CREDIT_CARD,PRIMARY,2020-04-03,ACTIVE,,0.337
A-00065,ACC0000247,64.1,4,"M-ANOM-DEP, R-DEP-01",True,DEPOSIT,CHECKING,PRIMARY,2025-07-25,ACTIVE,,0.744
A-00065,ACC0000250,12.0,1,R-LN-03,True,LOAN,PERSONAL_LOAN,PRIMARY,2025-08-14,ACTIVE,,0.139
A-00065,ACC0000248,0.0,0,,False,DEPOSIT,SAVINGS,PRIMARY,2026-01-03,ACTIVE,,0.0
A-00065,ACC0000249,0.0,0,,False,CARD,CREDIT_CARD,PRIMARY,2025-03-11,ACTIVE,,0.0
A-00066,ACC0001257,80.0,3,"M-ANOM-DEP, R-DEP-03, R-DEP-06",True,DEPOSIT,CHECKING,PRIMARY,2016-09-01,ACTIVE,,0.941
A-00066,ACC0001258,0.0,0,,False,DEPOSIT,SAVINGS,PRIMARY,2015-08-23,ACTIVE,,0.0
A-00066,ACC0001259,0.0,0,,False,LOAN,PERSONAL_LOAN,PRIMARY,2023-06-27,ACTIVE,,0.0
A-00067,ACC0010738,84.9,3,"M-ANOM-DEP, R-DEP-03, R-DEP-05",True,DEPOSIT,CHECKING,PRIMARY,2024-05-07,ACTIVE,P005126 (JOINT),1.0
A-00067,ACC0003814,0.0,0,,False,CARD,CREDIT_CARD,PRIMARY,2024-07-09,ACTIVE,,0.0
A-00068,ACC0001793,39.7,2,"M-ANOM-DEP, R-DEP-05",True,DEPOSIT,CHECKING,PRIMARY,2014-12-04,ACTIVE,P000301 (JOINT),0.493
A-00068,ACC0010735,30.8,1,R-XP-01,True,CARD,CREDIT_CARD,PRIMARY,2019-07-29,ACTIVE,,0.383
A-00068,ACC0001794,0.0,0,,False,DEPOSIT,SAVINGS,PRIMARY,2010-12-11,ACTIVE,,0.0
A-00069,ACC0010724,76.2,3,"M-ANOM-CRD, R-CRD-04, R-XP-01",True,CARD,CREDIT_CARD,PRIMARY,2024-11-21,ACTIVE,,1.0
A-00069,ACC0005198,0.0,0,,False,DEPOSIT,CHECKING,PRIMARY,2025-12-14,ACTIVE,,0.0
A-00070,ACC0005493,76.19999999999999,3,"M-ANOM-DEP, R-DEP-03, R-DEP-06",True,DEPOSIT,CHECKING,PRIMARY,2022-05-23,ACTIVE,P005295 (JOINT),1.0
A-00070,ACC0005494,0.0,0,,False,DEPOSIT,SAVINGS,PRIMARY,2024-09-19,ACTIVE,,0.0
A-00071,ACC0001425,71.6,3,"M-ANOM-CRD, R-CRD-01, R-CRD-05",True,CARD,CREDIT_CARD,PRIMARY,2018-06-04,DELINQUENT,,1.0
A-00071,ACC0001424,0.0,0,,False,DEPOSIT,CHECKING,PRIMARY,2018-06-17,ACTIVE,,0.0
A-00072,ACC0002934,67.62,4,"M-ANOM-DEP, R-DEP-01",True,DEPOSIT,CHECKING,PRIMARY,2017-03-26,ACTIVE,,1.0
A-00072,ACC0002935,0.0,0,,False,DEPOSIT,CD,PRIMARY,2013-05-31,ACTIVE,,0.0
A-00073,ACC0000477,64.67999999999999,3,"M-ANOM-DEP, R-DEP-02",True,DEPOSIT,CHECKING,PRIMARY,2022-10-28,ACTIVE,,1.0
A-00073,ACC0000478,0.0,0,,False,DEPOSIT,SAVINGS,PRIMARY,2022-09-08,ACTIVE,,0.0
A-00074,ACC0005886,64.5,3,"M-ANOM-DEP, R-DEP-02",True,DEPOSIT,CHECKING,PRIMARY,2024-06-29,ACTIVE,,1.0
A-00074,ACC0005887,0.0,0,,False,CARD,CREDIT_CARD,PRIMARY,2016-10-21,ACTIVE,,0.0
A-00074,ACC0005888,0.0,0,,False,LOAN,PERSONAL_LOAN,PRIMARY,2025-03-12,ACTIVE,,0.0
A-00075,ACC0002000,28.6,1,R-XP-01,True,CARD,CREDIT_CARD,PRIMARY,2024-05-28,ACTIVE,P005161 (AUTHORIZED_USER),0.465
A-00075,ACC0001998,22.9,1,R-DEP-05,True,DEPOSIT,CHECKING,PRIMARY,2025-01-24,ACTIVE,P004277 (JOINT),0.372
A-00075,ACC0001999,0.0,0,,False,DEPOSIT,SAVINGS,PRIMARY,2024-11-10,ACTIVE,,0.0
A-00076,ACC0006572,57.6,3,"M-ANOM-DEP, R-DEP-02",True,DEPOSIT,CHECKING,PRIMARY,2023-08-20,ACTIVE,,1.0
A-00076,ACC0006573,0.0,0,,False,DEPOSIT,SAVINGS,PRIMARY,2021-03-01,ACTIVE,,0.0
A-00077,ACC0005337,55.2,3,"M-ANOM-DEP, R-DEP-01",True,DEPOSIT,CHECKING,PRIMARY,2022-06-30,ACTIVE,,1.0
A-00078,ACC0008361,55.199999999999996,2,"M-ANOM-DEP, R-DEP-02",True,DEPOSIT,CHECKING,PRIMARY,2024-03-21,ACTIVE,,1.0
A-00078,ACC0008362,0.0,0,,False,DEPOSIT,SAVINGS,PRIMARY,2021-09-13,ACTIVE,,0.0
A-00078,ACC0008363,0.0,0,,False,LOAN,PERSONAL_LOAN,PRIMARY,2022-06-28,ACTIVE,,0.0
A-00079,ACC0003842,53.7,2,"M-ANOM-DEP, R-DEP-02",True,DEPOSIT,CHECKING,PRIMARY,2025-06-30,ACTIVE,,1.0
A-00079,ACC0003843,0.0,0,,False,DEPOSIT,SAVINGS,PRIMARY,2024-03-10,ACTIVE,,0.0
A-00079,ACC0003844,0.0,0,,False,CARD,CREDIT_CARD,PRIMARY,2017-08-18,ACTIVE,,0.0
A-00080,ACC0004234,53.7,2,"M-ANOM-DEP, R-DEP-03",True,DEPOSIT,CHECKING,PRIMARY,2013-05-31,ACTIVE,,1.0
A-00080,ACC0004235,0.0,0,,False,DEPOSIT,SAVINGS,PRIMARY,2021-01-11,ACTIVE,,0.0
A-00081,ACC0005539,53.2,2,"M-ANOM-DEP, R-DEP-05",True,DEPOSIT,CHECKING,PRIMARY,2022-11-14,ACTIVE,,1.0
A-00082,ACC0006177,52.8,3,"M-ANOM-DEP, R-DEP-01",True,DEPOSIT,CHECKING,PRIMARY,2022-06-20,ACTIVE,,1.0
A-00082,ACC0006178,0.0,0,,False,DEPOSIT,SAVINGS,PRIMARY,2021-09-10,ACTIVE,P005183 (JOINT),0.0
A-00083,ACC0008655,51.599999999999994,2,"M-ANOM-DEP, R-DEP-02",True,DEPOSIT,CHECKING,PRIMARY,2018-01-06,ACTIVE,,1.0
A-00084,ACC0000261,51.1,2,"M-ANOM-DEP, R-DEP-02",True,DEPOSIT,CHECKING,PRIMARY,2019-05-13,ACTIVE,,1.0
A-00084,ACC0000262,0.0,0,,False,DEPOSIT,CD,PRIMARY,2020-03-16,ACTIVE,,0.0
A-00084,ACC0000263,0.0,0,,False,CARD,CREDIT_CARD,PRIMARY,2016-09-16,ACTIVE,P003708 (AUTHORIZED_USER),0.0
A-00085,ACC0008860,51.1,2,"M-ANOM-LN, R-LN-01",True,LOAN,AUTO_LOAN,PRIMARY,2025-08-26,PAID_OFF,P005025 (CO_BORROWER),1.0
A-00086,ACC0008890,50.9,2,"M-ANOM-DEP, R-DEP-02",True,DEPOSIT,CHECKING,PRIMARY,2025-12-17,ACTIVE,P005156 (JOINT),1.0
A-00087,ACC0006965,50.7,2,"M-ANOM-LN, R-LN-01",True,LOAN,AUTO_LOAN,PRIMARY,2024-10-17,PAID_OFF,,1.0
A-00087,ACC0006964,0.0,0,,False,CARD,CREDIT_CARD,PRIMARY,2025-12-14,ACTIVE,,0.0
A-00088,ACC0006410,50.400000000000006,2,"M-ANOM-DEP, R-DEP-02",True,DEPOSIT,CHECKING,PRIMARY,2016-11-06,ACTIVE,,1.0
A-00088,ACC0006411,0.0,0,,False,DEPOSIT,SAVINGS,PRIMARY,2019-07-15,ACTIVE,P004755 (JOINT),0.0
A-00088,ACC0006412,0.0,0,,False,CARD,CREDIT_CARD,PRIMARY,2018-11-15,ACTIVE,,0.0
A-00089,ACC0004046,49.900000000000006,2,"M-ANOM-DEP, R-DEP-02",True,DEPOSIT,CHECKING,PRIMARY,2023-02-08,ACTIVE,,1.0
A-00089,ACC0004047,0.0,0,,False,DEPOSIT,SAVINGS,PRIMARY,2025-08-12,ACTIVE,,0.0
A-00089,ACC0004048,0.0,0,,False,CARD,CREDIT_CARD,PRIMARY,2025-01-26,ACTIVE,,0.0
A-00090,ACC0002357,19.6,1,M-ANOM-LN,True,LOAN,PERSONAL_LOAN,PRIMARY,2025-03-06,ACTIVE,,0.394
A-00090,ACC0010740,15.2,1,M-ANOM-DEP,True,DEPOSIT,CHECKING,PRIMARY,2025-10-28,ACTIVE,,0.305
A-00090,ACC0010741,0.0,0,,False,DEPOSIT,SAVINGS,PRIMARY,2026-01-18,ACTIVE,,0.0
A-00090,ACC0010742,0.0,0,,False,CARD,CREDIT_CARD,PRIMARY,2024-11-06,ACTIVE,,0.0
A-00091,ACC0003767,49.599999999999994,2,"M-ANOM-DEP, R-DEP-02",True,DEPOSIT,CHECKING,PRIMARY,2017-05-25,ACTIVE,,1.0
A-00091,ACC0003768,0.0,0,,False,DEPOSIT,SAVINGS,PRIMARY,2025-02-09,ACTIVE,,0.0
A-00092,ACC0005827,49.0,2,"M-ANOM-DEP, R-DEP-02",True,DEPOSIT,CHECKING,PRIMARY,2019-12-01,ACTIVE,,1.0
A-00092,ACC0005828,0.0,0,,False,DEPOSIT,SAVINGS,PRIMARY,2023-02-16,ACTIVE,P005200 (JOINT),0.0
A-00093,ACC0005133,48.3,2,"M-ANOM-DEP, R-DEP-02",True,DEPOSIT,CHECKING,PRIMARY,2019-04-16,ACTIVE,,1.0
A-00093,ACC0005134,0.0,0,,False,CARD,CREDIT_CARD,PRIMARY,2024-05-27,ACTIVE,,0.0
A-00094,ACC0006159,48.1,2,"M-ANOM-DEP, R-DEP-02",True,DEPOSIT,CHECKING,PRIMARY,2018-02-22,ACTIVE,,1.0
A-00094,ACC0006160,0.0,0,,False,DEPOSIT,SAVINGS,PRIMARY,2025-01-31,ACTIVE,,0.0
A-00094,ACC0006161,0.0,0,,False,CARD,CREDIT_CARD,PRIMARY,2019-12-14,ACTIVE,,0.0
A-00095,ACC0010711,47.2,2,"M-ANOM-DEP, R-DEP-03",True,DEPOSIT,CHECKING,PRIMARY,2022-01-09,ACTIVE,,1.0
A-00095,ACC0004513,0.0,0,,False,CARD,CREDIT_CARD,PRIMARY,2023-04-22,ACTIVE,,0.0
A-00096,ACC0000335,47.099999999999994,2,"M-ANOM-DEP, R-DEP-02",True,DEPOSIT,CHECKING,PRIMARY,2022-10-24,ACTIVE,,1.0
A-00096,ACC0000336,0.0,0,,False,DEPOSIT,SAVINGS,PRIMARY,2023-09-09,ACTIVE,,0.0
A-00096,ACC0000337,0.0,0,,False,CARD,CREDIT_CARD,PRIMARY,2024-05-08,ACTIVE,P001608 (AUTHORIZED_USER),0.0
A-00097,ACC0003517,46.8,2,"M-ANOM-DEP, R-DEP-02",True,DEPOSIT,CHECKING,PRIMARY,2020-06-09,ACTIVE,P005227 (JOINT),1.0
A-00097,ACC0003518,0.0,0,,False,DEPOSIT,SAVINGS,PRIMARY,2016-07-25,ACTIVE,,0.0
A-00097,ACC0003519,0.0,0,,False,DEPOSIT,CD,PRIMARY,2017-09-19,ACTIVE,,0.0
A-00098,ACC0010058,46.800000000000004,2,"M-ANOM-DEP, R-DEP-02",True,DEPOSIT,CHECKING,PRIMARY,2024-09-09,ACTIVE,,1.0
A-00098,ACC0010059,0.0,0,,False,DEPOSIT,SAVINGS,PRIMARY,2022-01-05,ACTIVE,,0.0
A-00098,ACC0010060,0.0,0,,False,CARD,CREDIT_CARD,PRIMARY,2023-04-06,ACTIVE,,0.0
A-00099,ACC0007902,45.0,2,"M-ANOM-DEP, R-DEP-02",True,DEPOSIT,CHECKING,PRIMARY,2022-03-02,ACTIVE,P005332 (JOINT),1.0
A-00099,ACC0007903,0.0,0,,False,DEPOSIT,SAVINGS,PRIMARY,2025-10-04,ACTIVE,,0.0
A-00099,ACC0007904,0.0,0,,False,LOAN,PERSONAL_LOAN,PRIMARY,2023-09-01,ACTIVE,,0.0
A-00100,ACC0009436,44.2,2,"M-ANOM-DEP, R-DEP-02",True,DEPOSIT,CHECKING,PRIMARY,2017-01-03,ACTIVE,,1.0
A-00100,ACC0009437,0.0,0,,False,DEPOSIT,CD,PRIMARY,2024-06-14,ACTIVE,,0.0
A-00100,ACC0009438,0.0,0,,False,CARD,CREDIT_CARD,PRIMARY,2025-12-17,ACTIVE,,0.0
A-00101,ACC0007120,42.7,2,"M-ANOM-CRD, R-CRD-01",True,CARD,CREDIT_CARD,PRIMARY,2015-08-21,ACTIVE,,1.0
A-00101,ACC0007121,0.0,0,,False,LOAN,PERSONAL_LOAN,PRIMARY,2023-06-27,ACTIVE,,0.0
A-00102,ACC0002820,42.6,2,"M-ANOM-DEP, R-DEP-06",True,DEPOSIT,CHECKING,PRIMARY,2014-10-20,ACTIVE,,1.0
A-00102,ACC0002821,0.0,0,,False,DEPOSIT,SAVINGS,PRIMARY,2018-01-16,ACTIVE,P001870 (JOINT),0.0
A-00102,ACC0002822,0.0,0,,False,CARD,CREDIT_CARD,PRIMARY,2019-02-11,ACTIVE,,0.0
A-00103,ACC0002375,42.5,2,"M-ANOM-CRD, R-CRD-01",True,CARD,CREDIT_CARD,PRIMARY,2009-01-06,ACTIVE,,1.0
A-00103,ACC0002374,0.0,0,,False,DEPOSIT,CHECKING,PRIMARY,2020-09-26,ACTIVE,,0.0
A-00104,ACC0006743,41.8,2,"M-ANOM-DEP, R-DEP-01",True,DEPOSIT,CHECKING,PRIMARY,2026-03-07,ACTIVE,,1.0
A-00105,ACC0005058,41.2,2,"M-ANOM-DEP, R-DEP-01",True,DEPOSIT,CHECKING,PRIMARY,2022-12-23,ACTIVE,P003832 (JOINT),1.0
A-00105,ACC0005059,0.0,0,,False,DEPOSIT,SAVINGS,PRIMARY,2023-10-05,ACTIVE,,0.0
A-00105,ACC0005060,0.0,0,,False,DEPOSIT,CD,PRIMARY,2022-01-24,ACTIVE,,0.0
A-00106,ACC0008478,41.1,2,"M-ANOM-CRD, R-CRD-01",True,CARD,CREDIT_CARD,PRIMARY,2020-02-04,ACTIVE,,1.0
A-00106,ACC0008477,0.0,0,,False,DEPOSIT,CHECKING,PRIMARY,2018-04-03,ACTIVE,,0.0
A-00106,ACC0008479,0.0,0,,False,LOAN,AUTO_LOAN,PRIMARY,2022-10-26,ACTIVE,P003461 (CO_BORROWER),0.0
A-00107,ACC0003546,40.9,2,"M-ANOM-CRD, R-CRD-04",True,CARD,CREDIT_CARD,PRIMARY,2021-11-01,ACTIVE,,1.0
A-00107,ACC0003544,0.0,0,,False,DEPOSIT,CHECKING,PRIMARY,2025-06-06,ACTIVE,,0.0
A-00107,ACC0003545,0.0,0,,False,DEPOSIT,CD,PRIMARY,2025-03-20,ACTIVE,,0.0
A-00108,ACC0005464,38.2,2,"M-ANOM-CRD, R-CRD-01",True,CARD,CREDIT_CARD,PRIMARY,2020-11-30,ACTIVE,,1.0
A-00108,ACC0005465,0.0,0,,False,LOAN,AUTO_LOAN,PRIMARY,2026-07-26,ACTIVE,,0.0
A-00109,ACC0010619,37.2,2,"M-ANOM-CRD, R-CRD-01",True,CARD,CREDIT_CARD,PRIMARY,2017-12-12,ACTIVE,P000129 (AUTHORIZED_USER),1.0
A-00110,ACC0004045,36.9,1,R-DEP-06,True,DEPOSIT,CHECKING,PRIMARY,2024-02-20,ACTIVE,,1.0
A-00111,ACC0004930,31.7,1,R-DEP-06,True,DEPOSIT,CHECKING,PRIMARY,2025-03-11,ACTIVE,,0.864
A-00111,ACC0004931,0.0,0,,False,DEPOSIT,CD,PRIMARY,2016-04-05,ACTIVE,,0.0
A-00111,ACC0004932,0.0,0,,False,CARD,CREDIT_CARD,PRIMARY,2009-11-03,ACTIVE,,0.0
A-00111,ACC0004933,0.0,0,,False,LOAN,MORTGAGE,PRIMARY,2015-09-01,ACTIVE,P001328 (GUARANTOR),0.0
A-00112,ACC0005642,30.1,1,R-DEP-06,True,DEPOSIT,CHECKING,PRIMARY,2022-09-05,ACTIVE,,0.858
A-00112,ACC0005643,0.0,0,,False,DEPOSIT,SAVINGS,PRIMARY,2018-06-16,ACTIVE,P005109 (JOINT),0.0
A-00112,ACC0005644,0.0,0,,False,DEPOSIT,CD,PRIMARY,2010-12-19,ACTIVE,,0.0
A-00112,ACC0005645,0.0,0,,False,CARD,CREDIT_CARD,PRIMARY,2008-12-22,ACTIVE,P005117 (AUTHORIZED_USER),0.0
A-00113,ACC0003646,153.0,5,"M-ANOM-DEP, R-DEP-01, R-DEP-03, R-DEP-05, R-DEP-06",True,DEPOSIT,CHECKING,PRIMARY,2025-07-12,ACTIVE,P005590 (JOINT),1.0
A-00114,ACC0010483,141.64,6,"M-ANOM-DEP, R-DEP-01, R-DEP-05, R-DEP-06",True,DEPOSIT,CHECKING,PRIMARY,2015-05-26,ACTIVE,,1.0
A-00114,ACC0010484,0.0,0,,False,DEPOSIT,CD,PRIMARY,2022-09-03,ACTIVE,,0.0
A-00114,ACC0010485,0.0,0,,False,CARD,CREDIT_CARD,PRIMARY,2013-08-02,ACTIVE,,0.0
A-00115,ACC0002939,134.51999999999998,5,"M-ANOM-DEP, R-DEP-01, R-DEP-02, R-DEP-05",True,DEPOSIT,CHECKING,PRIMARY,2016-08-26,ACTIVE,,1.0
A-00115,ACC0002940,0.0,0,,False,DEPOSIT,SAVINGS,PRIMARY,2015-07-10,ACTIVE,,0.0
A-00116,ACC0002684,127.80000000000001,6,"M-ANOM-DEP, R-DEP-01, R-DEP-02, R-DEP-05",True,DEPOSIT,CHECKING,PRIMARY,2023-06-05,ACTIVE,,1.0
A-00116,ACC0002685,0.0,0,,False,DEPOSIT,SAVINGS,PRIMARY,2008-08-31,ACTIVE,,0.0
A-00116,ACC0002686,0.0,0,,False,LOAN,PERSONAL_LOAN,PRIMARY,2022-10-06,ACTIVE,,0.0
A-00117,ACC0010706,105.85,5,"M-ANOM-DEP, R-DEP-01, R-DEP-05",True,DEPOSIT,CHECKING,PRIMARY,2017-04-16,ACTIVE,,1.0
A-00117,ACC0006117,0.0,0,,False,CARD,CREDIT_CARD,PRIMARY,2017-09-24,ACTIVE,,0.0
A-00118,ACC0005491,77.5,3,"M-ANOM-CRD, R-CRD-04, R-XP-01",True,CARD,CREDIT_CARD,PRIMARY,2021-11-16,ACTIVE,,0.745
A-00118,ACC0005492,11.5,1,M-ANOM-LN,True,LOAN,MORTGAGE,PRIMARY,2005-05-28,ACTIVE,,0.111
A-00118,ACC0010725,0.0,0,,False,DEPOSIT,CHECKING,PRIMARY,2017-01-25,ACTIVE,,0.0
A-00119,ACC0000997,99.5,3,"M-ANOM-DEP, R-DEP-05, R-DEP-06",True,DEPOSIT,CHECKING,PRIMARY,2024-07-11,ACTIVE,,1.0
A-00119,ACC0000998,0.0,0,,False,DEPOSIT,SAVINGS,PRIMARY,2025-08-09,ACTIVE,,0.0
A-00119,ACC0000999,0.0,0,,False,CARD,CREDIT_CARD,PRIMARY,2020-05-19,ACTIVE,,0.0
A-00120,ACC0010742,28.3,1,R-XP-01,True,CARD,CREDIT_CARD,PRIMARY,2024-11-06,ACTIVE,,0.285
A-00120,ACC0002357,20.7,1,M-ANOM-LN,True,LOAN,PERSONAL_LOAN,PRIMARY,2025-03-06,ACTIVE,,0.208
A-00120,ACC0010740,17.9,1,M-ANOM-DEP,True,DEPOSIT,CHECKING,PRIMARY,2025-10-28,ACTIVE,,0.18
A-00120,ACC0010741,12.4,1,M-ANOM-DEP,True,DEPOSIT,SAVINGS,PRIMARY,2026-01-18,ACTIVE,,0.125
A-00121,ACC0010707,98.9,3,"M-ANOM-DEP, R-DEP-05, R-DEP-06",True,DEPOSIT,CHECKING,PRIMARY,2020-01-23,ACTIVE,,1.0
A-00121,ACC0005322,0.0,0,,False,CARD,CREDIT_CARD,PRIMARY,2025-11-30,ACTIVE,P002839 (AUTHORIZED_USER),0.0
A-00121,ACC0005323,0.0,0,,False,LOAN,AUTO_LOAN,PRIMARY,2021-04-27,ACTIVE,,0.0
A-00122,ACC0002572,97.41999999999999,4,"M-ANOM-DEP, R-DEP-01, R-DEP-05",True,DEPOSIT,CHECKING,PRIMARY,2024-02-01,ACTIVE,P001333 (JOINT),1.0
A-00123,ACC0003102,94.7,3,"M-ANOM-DEP, R-DEP-05, R-DEP-06",True,DEPOSIT,CHECKING,PRIMARY,2019-01-01,ACTIVE,,1.0
A-00123,ACC0003103,0.0,0,,False,DEPOSIT,SAVINGS,PRIMARY,2014-02-26,ACTIVE,,0.0
A-00123,ACC0003104,0.0,0,,False,LOAN,PERSONAL_LOAN,PRIMARY,2026-02-19,ACTIVE,,0.0
A-00124,ACC0008704,91.5,3,"M-ANOM-DEP, R-DEP-05, R-DEP-06",True,DEPOSIT,CHECKING,PRIMARY,2024-08-19,ACTIVE,,1.0
A-00124,ACC0008705,0.0,0,,False,DEPOSIT,SAVINGS,PRIMARY,2022-12-31,ACTIVE,,0.0
A-00124,ACC0008706,0.0,0,,False,CARD,CREDIT_CARD,PRIMARY,2026-03-01,ACTIVE,,0.0
A-00124,ACC0008707,0.0,0,,False,LOAN,PERSONAL_LOAN,PRIMARY,2023-08-24,ACTIVE,,0.0
A-00125,ACC0010738,85.0,3,"M-ANOM-DEP, R-DEP-03, R-DEP-05",True,DEPOSIT,CHECKING,PRIMARY,2024-05-07,ACTIVE,P005126 (JOINT),1.0
A-00125,ACC0003814,0.0,0,,False,CARD,CREDIT_CARD,PRIMARY,2024-07-09,ACTIVE,,0.0
A-00126,ACC0005539,84.1,3,"M-ANOM-DEP, R-DEP-01, R-DEP-05",True,DEPOSIT,CHECKING,PRIMARY,2022-11-14,ACTIVE,,1.0
A-00127,ACC0005445,44.9,2,"M-ANOM-DEP, R-DEP-05",True,DEPOSIT,CHECKING,PRIMARY,2025-04-19,ACTIVE,,0.538
A-00127,ACC0010736,28.6,1,R-XP-01,True,CARD,CREDIT_CARD,PRIMARY,2021-09-03,ACTIVE,,0.343
A-00128,ACC0001257,77.8,3,"M-ANOM-DEP, R-DEP-03, R-DEP-06",True,DEPOSIT,CHECKING,PRIMARY,2016-09-01,ACTIVE,,0.94
A-00128,ACC0001258,0.0,0,,False,DEPOSIT,SAVINGS,PRIMARY,2015-08-23,ACTIVE,,0.0
A-00128,ACC0001259,0.0,0,,False,LOAN,PERSONAL_LOAN,PRIMARY,2023-06-27,ACTIVE,,0.0
A-00129,ACC0005886,74.30000000000001,4,"M-ANOM-DEP, R-DEP-02",True,DEPOSIT,CHECKING,PRIMARY,2024-06-29,ACTIVE,,1.0
A-00129,ACC0005887,0.0,0,,False,CARD,CREDIT_CARD,PRIMARY,2016-10-21,ACTIVE,,0.0
A-00129,ACC0005888,0.0,0,,False,LOAN,PERSONAL_LOAN,PRIMARY,2025-03-12,ACTIVE,,0.0
A-00130,ACC0005133,74.08,4,"M-ANOM-DEP, R-DEP-02",True,DEPOSIT,CHECKING,PRIMARY,2019-04-16,ACTIVE,,1.0
A-00130,ACC0005134,0.0,0,,False,CARD,CREDIT_CARD,PRIMARY,2024-05-27,ACTIVE,,0.0
A-00131,ACC0005493,72.69999999999999,3,"M-ANOM-DEP, R-DEP-03, R-DEP-06",True,DEPOSIT,CHECKING,PRIMARY,2022-05-23,ACTIVE,P005295 (JOINT),1.0
A-00131,ACC0005494,0.0,0,,False,DEPOSIT,SAVINGS,PRIMARY,2024-09-19,ACTIVE,,0.0
A-00132,ACC0000247,47.4,2,"M-ANOM-DEP, R-DEP-01",True,DEPOSIT,CHECKING,PRIMARY,2025-07-25,ACTIVE,,0.683
A-00132,ACC0000250,12.0,1,R-LN-03,True,LOAN,PERSONAL_LOAN,PRIMARY,2025-08-14,ACTIVE,,0.173
A-00132,ACC0000248,0.0,0,,False,DEPOSIT,SAVINGS,PRIMARY,2026-01-03,ACTIVE,,0.0
A-00132,ACC0000249,0.0,0,,False,CARD,CREDIT_CARD,PRIMARY,2025-03-11,ACTIVE,,0.0
A-00133,ACC0010724,67.0,3,"M-ANOM-CRD, R-CRD-04, R-XP-01",True,CARD,CREDIT_CARD,PRIMARY,2024-11-21,ACTIVE,,1.0
A-00133,ACC0005198,0.0,0,,False,DEPOSIT,CHECKING,PRIMARY,2025-12-14,ACTIVE,,0.0
A-00134,ACC0003717,66.4,3,"M-ANOM-CRD, R-CRD-02, R-CRD-04",True,CARD,CREDIT_CARD,PRIMARY,2024-06-01,ACTIVE,,1.0
A-00134,ACC0003715,0.0,0,,False,DEPOSIT,CHECKING,PRIMARY,2024-01-29,ACTIVE,,0.0
A-00134,ACC0003716,0.0,0,,False,DEPOSIT,SAVINGS,PRIMARY,2023-12-03,ACTIVE,,0.0
A-00135,ACC0002000,28.4,1,R-XP-01,True,CARD,CREDIT_CARD,PRIMARY,2024-05-28,ACTIVE,P005161 (AUTHORIZED_USER),0.428
A-00135,ACC0001998,27.9,1,R-DEP-05,True,DEPOSIT,CHECKING,PRIMARY,2025-01-24,ACTIVE,P004277 (JOINT),0.421
A-00135,ACC0001999,0.0,0,,False,DEPOSIT,SAVINGS,PRIMARY,2024-11-10,ACTIVE,,0.0
A-00136,ACC0010737,29.3,1,R-XP-01,True,CARD,CREDIT_CARD,PRIMARY,2021-04-30,ACTIVE,,0.455
A-00136,ACC0005374,25.1,1,R-DEP-05,True,DEPOSIT,CHECKING,PRIMARY,2018-03-01,ACTIVE,,0.39
A-00136,ACC0005375,0.0,0,,False,DEPOSIT,SAVINGS,PRIMARY,2021-04-19,ACTIVE,,0.0
A-00137,ACC0000987,57.5,2,"M-ANOM-CRD, R-CRD-02",True,CARD,CREDIT_CARD,PRIMARY,2020-01-09,ACTIVE,,0.92
A-00137,ACC0000985,0.0,0,,False,DEPOSIT,CHECKING,PRIMARY,2021-04-23,ACTIVE,,0.0
A-00137,ACC0000986,0.0,0,,False,DEPOSIT,SAVINGS,PRIMARY,2019-02-28,ACTIVE,,0.0
A-00137,ACC0000988,0.0,0,,False,LOAN,PERSONAL_LOAN,PRIMARY,2024-04-29,ACTIVE,,0.0
A-00138,ACC0001352,61.75,3,"M-ANOM-DEP, R-DEP-02",True,DEPOSIT,CHECKING,PRIMARY,2025-12-31,ACTIVE,,0.999
A-00139,ACC0000477,56.5,2,"M-ANOM-DEP, R-DEP-02",True,DEPOSIT,CHECKING,PRIMARY,2022-10-28,ACTIVE,,1.0
A-00139,ACC0000478,0.0,0,,False,DEPOSIT,SAVINGS,PRIMARY,2022-09-08,ACTIVE,,0.0
A-00140,ACC0005058,55.72,3,"M-ANOM-DEP, R-DEP-01",True,DEPOSIT,CHECKING,PRIMARY,2022-12-23,ACTIVE,P003832 (JOINT),1.0
A-00140,ACC0005059,0.0,0,,False,DEPOSIT,SAVINGS,PRIMARY,2023-10-05,ACTIVE,,0.0
A-00140,ACC0005060,0.0,0,,False,DEPOSIT,CD,PRIMARY,2022-01-24,ACTIVE,,0.0
A-00141,ACC0010739,54.0,2,"M-ANOM-DEP, R-DEP-05",True,DEPOSIT,CHECKING,PRIMARY,2022-12-13,ACTIVE,P005369 (JOINT),1.0
A-00141,ACC0006709,0.0,0,,False,CARD,CREDIT_CARD,PRIMARY,2025-09-04,ACTIVE,,0.0
A-00142,ACC0002063,53.9,2,"M-ANOM-DEP, R-DEP-03",True,DEPOSIT,CHECKING,PRIMARY,2024-11-20,ACTIVE,P004907 (JOINT),1.0
A-00142,ACC0002064,0.0,0,,False,DEPOSIT,SAVINGS,PRIMARY,2020-09-29,ACTIVE,,0.0
A-00142,ACC0002065,0.0,0,,False,DEPOSIT,CD,PRIMARY,2014-12-09,ACTIVE,,0.0
A-00142,ACC0002066,0.0,0,,False,CARD,CREDIT_CARD,PRIMARY,2015-03-05,ACTIVE,P002922 (AUTHORIZED_USER),0.0
A-00142,ACC0002067,0.0,0,,False,LOAN,PERSONAL_LOAN,PRIMARY,2022-10-31,ACTIVE,,0.0
A-00143,ACC0008890,52.3,2,"M-ANOM-DEP, R-DEP-02",True,DEPOSIT,CHECKING,PRIMARY,2025-12-17,ACTIVE,P005156 (JOINT),1.0
A-00144,ACC0001158,51.5,2,"M-ANOM-DEP, R-DEP-02",True,DEPOSIT,CHECKING,PRIMARY,2024-06-03,ACTIVE,P005282 (JOINT),1.0
A-00144,ACC0001159,0.0,0,,False,DEPOSIT,SAVINGS,PRIMARY,2025-07-23,ACTIVE,P005261 (JOINT),0.0
A-00144,ACC0001160,0.0,0,,False,CARD,CREDIT_CARD,PRIMARY,2024-10-05,ACTIVE,P005300 (AUTHORIZED_USER),0.0
A-00145,ACC0005904,50.3,2,"M-ANOM-DEP, R-DEP-02",True,DEPOSIT,CHECKING,PRIMARY,2020-04-17,ACTIVE,,1.0
A-00146,ACC0004504,49.7,2,"M-ANOM-DEP, R-DEP-02",True,DEPOSIT,CHECKING,PRIMARY,2016-12-11,ACTIVE,,1.0
A-00146,ACC0004505,0.0,0,,False,CARD,CREDIT_CARD,PRIMARY,2015-12-17,ACTIVE,,0.0
A-00147,ACC0006159,49.6,2,"M-ANOM-DEP, R-DEP-02",True,DEPOSIT,CHECKING,PRIMARY,2018-02-22,ACTIVE,,1.0
A-00147,ACC0006160,0.0,0,,False,DEPOSIT,SAVINGS,PRIMARY,2025-01-31,ACTIVE,,0.0
A-00147,ACC0006161,0.0,0,,False,CARD,CREDIT_CARD,PRIMARY,2019-12-14,ACTIVE,,0.0
A-00148,ACC0005879,49.2,2,"M-ANOM-DEP, R-DEP-02",True,DEPOSIT,CHECKING,PRIMARY,2015-06-17,ACTIVE,,1.0
A-00148,ACC0005880,0.0,0,,False,DEPOSIT,SAVINGS,PRIMARY,2020-05-11,ACTIVE,,0.0
A-00148,ACC0005881,0.0,0,,False,CARD,CREDIT_CARD,PRIMARY,2019-02-27,ACTIVE,,0.0
A-00149,ACC0009253,49.099999999999994,2,"M-ANOM-DEP, R-DEP-02",True,DEPOSIT,CHECKING,PRIMARY,2021-01-08,ACTIVE,,1.0
A-00149,ACC0009254,0.0,0,,False,DEPOSIT,SAVINGS,PRIMARY,2017-12-26,ACTIVE,,0.0
A-00150,ACC0010582,49.1,2,"M-ANOM-DEP, R-DEP-02",True,DEPOSIT,CHECKING,PRIMARY,2025-09-07,ACTIVE,P005585 (JOINT),1.0
A-00150,ACC0010583,0.0,0,,False,DEPOSIT,SAVINGS,PRIMARY,2023-07-13,ACTIVE,,0.0
A-00150,ACC0010584,0.0,0,,False,DEPOSIT,CD,PRIMARY,2024-11-05,ACTIVE,,0.0
A-00150,ACC0010585,0.0,0,,False,CARD,CREDIT_CARD,PRIMARY,2025-09-30,ACTIVE,,0.0
A-00151,ACC0003659,48.8,2,"M-ANOM-DEP, R-DEP-02",True,DEPOSIT,CHECKING,PRIMARY,2026-03-09,ACTIVE,P005076 (JOINT),1.0
A-00151,ACC0003660,0.0,0,,False,CARD,CREDIT_CARD,PRIMARY,2017-10-11,ACTIVE,,0.0
A-00152,ACC0010718,48.55,3,"M-ANOM-CRD, R-CRD-02",True,CARD,CREDIT_CARD,PRIMARY,2025-10-10,ACTIVE,,0.999
A-00152,ACC0000117,0.0,0,,False,DEPOSIT,CHECKING,PRIMARY,2023-11-21,ACTIVE,,0.0
A-00152,ACC0000118,0.0,0,,False,DEPOSIT,SAVINGS,PRIMARY,2025-03-04,ACTIVE,,0.0
A-00152,ACC0000119,0.0,0,,False,LOAN,PERSONAL_LOAN,PRIMARY,2024-09-29,ACTIVE,,0.0
A-00153,ACC0000596,48.4,2,"M-ANOM-DEP, R-DEP-02",True,DEPOSIT,CHECKING,PRIMARY,2022-10-07,ACTIVE,,1.0
A-00154,ACC0002145,48.1,3,"M-ANOM-DEP, R-DEP-01",True,DEPOSIT,CHECKING,PRIMARY,2025-11-02,ACTIVE,,1.0
A-00155,ACC0008979,48.099999999999994,2,"M-ANOM-CRD, R-CRD-01",True,CARD,CREDIT_CARD,PRIMARY,2009-06-21,ACTIVE,,1.0
A-00155,ACC0008978,0.0,0,,False,DEPOSIT,CHECKING,PRIMARY,2017-10-20,ACTIVE,P005324 (JOINT),0.0
A-00155,ACC0008980,0.0,0,,False,LOAN,PERSONAL_LOAN,PRIMARY,2023-09-22,ACTIVE,P005270 (CO_BORROWER),0.0
A-00156,ACC0006726,47.900000000000006,2,"M-ANOM-DEP, R-DEP-02",True,DEPOSIT,CHECKING,PRIMARY,2023-10-26,ACTIVE,P005026 (JOINT),1.0
A-00156,ACC0006727,0.0,0,,False,CARD,CREDIT_CARD,PRIMARY,2025-01-13,ACTIVE,,0.0
A-00157,ACC0010721,47.5,2,"M-ANOM-CRD, R-CRD-03",True,CARD,CREDIT_CARD,PRIMARY,2024-04-01,ACTIVE,,1.0
A-00157,ACC0006982,0.0,0,,False,DEPOSIT,CHECKING,PRIMARY,2018-11-16,ACTIVE,,0.0
A-00157,ACC0006983,0.0,0,,False,LOAN,AUTO_LOAN,PRIMARY,2025-01-20,ACTIVE,,0.0
A-00158,ACC0006743,46.7,2,"M-ANOM-DEP, R-DEP-01",True,DEPOSIT,CHECKING,PRIMARY,2026-03-07,ACTIVE,,1.0
A-00159,ACC0006559,46.199999999999996,2,"M-ANOM-DEP, R-DEP-02",True,DEPOSIT,CHECKING,PRIMARY,2021-05-11,ACTIVE,,1.0
A-00159,ACC0006560,0.0,0,,False,DEPOSIT,SAVINGS,PRIMARY,2025-02-23,ACTIVE,,0.0
A-00159,ACC0006561,0.0,0,,False,CARD,CREDIT_CARD,PRIMARY,2025-02-17,ACTIVE,,0.0
A-00159,ACC0006562,0.0,0,,False,LOAN,AUTO_LOAN,PRIMARY,2026-06-03,ACTIVE,,0.0
A-00160,ACC0010722,45.2,2,"M-ANOM-CRD, R-CRD-04",True,CARD,CREDIT_CARD,PRIMARY,2020-04-04,ACTIVE,,1.0
A-00160,ACC0005697,0.0,0,,False,LOAN,AUTO_LOAN,PRIMARY,2022-11-01,ACTIVE,,0.0
A-00160,ACC0010723,0.0,0,,False,DEPOSIT,CHECKING,PRIMARY,2022-04-27,ACTIVE,,0.0
A-00161,ACC0010607,45.2,2,"M-ANOM-DEP, R-DEP-01",True,DEPOSIT,CHECKING,PRIMARY,2025-09-24,ACTIVE,,1.0
A-00161,ACC0010608,0.0,0,,False,DEPOSIT,SAVINGS,PRIMARY,2025-08-04,ACTIVE,P005476 (JOINT),0.0
A-00161,ACC0010609,0.0,0,,False,CARD,CREDIT_CARD,PRIMARY,2025-08-26,ACTIVE,,0.0
A-00161,ACC0010610,0.0,0,,False,LOAN,AUTO_LOAN,PRIMARY,2026-01-05,ACTIVE,,0.0
A-00162,ACC0001970,44.5,2,"M-ANOM-DEP, R-DEP-02",True,DEPOSIT,CHECKING,PRIMARY,2024-03-01,ACTIVE,,1.0
A-00162,ACC0001971,0.0,0,,False,CARD,CREDIT_CARD,PRIMARY,2025-08-09,ACTIVE,,0.0
A-00162,ACC0001972,0.0,0,,False,LOAN,MORTGAGE,PRIMARY,2025-01-15,ACTIVE,,0.0
A-00163,ACC0010726,44.1,2,"M-ANOM-CRD, R-CRD-05",True,CARD,CREDIT_CARD,PRIMARY,2020-12-20,ACTIVE,,1.0
A-00163,ACC0006352,0.0,0,,False,DEPOSIT,CHECKING,PRIMARY,2023-01-11,ACTIVE,,0.0
A-00164,ACC0008472,42.5,2,"M-ANOM-CRD, R-CRD-01",True,CARD,CREDIT_CARD,PRIMARY,2020-04-24,ACTIVE,,1.0
A-00164,ACC0008470,0.0,0,,False,DEPOSIT,CHECKING,PRIMARY,2023-05-01,ACTIVE,,0.0
A-00164,ACC0008471,0.0,0,,False,DEPOSIT,SAVINGS,PRIMARY,2025-08-08,ACTIVE,,0.0
A-00165,ACC0002375,42.0,2,"M-ANOM-CRD, R-CRD-01",True,CARD,CREDIT_CARD,PRIMARY,2009-01-06,ACTIVE,,1.0
A-00165,ACC0002374,0.0,0,,False,DEPOSIT,CHECKING,PRIMARY,2020-09-26,ACTIVE,,0.0
A-00166,ACC0007046,41.5,2,"M-ANOM-CRD, R-CRD-01",True,CARD,CREDIT_CARD,PRIMARY,2018-09-20,ACTIVE,,1.0
A-00166,ACC0007045,0.0,0,,False,DEPOSIT,CHECKING,PRIMARY,2025-06-12,ACTIVE,,0.0
A-00166,ACC0007047,0.0,0,,False,LOAN,PERSONAL_LOAN,PRIMARY,2022-12-10,ACTIVE,,0.0
A-00167,ACC0007315,41.1,2,"M-ANOM-DEP, R-DEP-02",True,DEPOSIT,CHECKING,PRIMARY,2025-09-11,ACTIVE,,1.0
A-00168,ACC0004650,41.0,2,"M-ANOM-LN, R-LN-01",True,LOAN,AUTO_LOAN,PRIMARY,2025-07-30,PAID_OFF,,1.0
A-00168,ACC0004649,0.0,0,,False,DEPOSIT,CHECKING,PRIMARY,2021-02-17,ACTIVE,,0.0
A-00169,ACC0001710,40.7,2,"M-ANOM-CRD, R-CRD-01",True,CARD,CREDIT_CARD,PRIMARY,2024-03-19,ACTIVE,,1.0
A-00170,ACC0004494,40.4,2,"M-ANOM-CRD, R-CRD-01",True,CARD,CREDIT_CARD,PRIMARY,2010-06-27,ACTIVE,,1.0
A-00170,ACC0004493,0.0,0,,False,DEPOSIT,CHECKING,PRIMARY,2023-07-26,ACTIVE,,0.0
A-00171,ACC0007726,40.1,2,"M-ANOM-CRD, R-CRD-01",True,CARD,CREDIT_CARD,PRIMARY,2022-01-07,ACTIVE,,1.0
A-00171,ACC0007725,0.0,0,,False,DEPOSIT,CHECKING,PRIMARY,2018-08-19,ACTIVE,,0.0
A-00172,ACC0003919,39.1,2,"M-ANOM-DEP, R-DEP-05",True,DEPOSIT,CHECKING,PRIMARY,2011-10-25,ACTIVE,,1.0
A-00172,ACC0003920,0.0,0,,False,LOAN,AUTO_LOAN,PRIMARY,2021-01-28,ACTIVE,,0.0
A-00173,ACC0006588,38.5,2,"R-CRD-02, R-CRD-04",True,CARD,CREDIT_CARD,PRIMARY,2017-09-20,ACTIVE,,1.0
A-00173,ACC0006587,0.0,0,,False,DEPOSIT,CHECKING,PRIMARY,2018-03-30,ACTIVE,,0.0
A-00174,ACC0001194,37.900000000000006,2,"M-ANOM-CRD, R-CRD-01",True,CARD,CREDIT_CARD,PRIMARY,2018-07-02,ACTIVE,,1.0
A-00174,ACC0001193,0.0,0,,False,DEPOSIT,CHECKING,PRIMARY,2020-10-21,ACTIVE,,0.0
A-00175,ACC0005861,37.400000000000006,2,"R-CRD-02, R-CRD-04",True,CARD,CREDIT_CARD,PRIMARY,2023-05-19,ACTIVE,,1.0
A-00175,ACC0005860,0.0,0,,False,DEPOSIT,CHECKING,PRIMARY,2025-03-08,ACTIVE,,0.0
A-00176,ACC0007384,31.9,2,"M-ANOM-LN, R-LN-03",True,LOAN,PERSONAL_LOAN,PRIMARY,2025-03-28,ACTIVE,,0.864
A-00176,ACC0007382,0.0,0,,False,DEPOSIT,CHECKING,PRIMARY,2025-10-15,ACTIVE,,0.0
A-00176,ACC0007383,0.0,0,,False,CARD,CREDIT_CARD,PRIMARY,2026-03-10,ACTIVE,,0.0
A-00177,ACC0002806,30.7,1,R-DEP-06,True,DEPOSIT,CHECKING,PRIMARY,2019-08-29,ACTIVE,,0.86
A-00177,ACC0002807,0.0,0,,False,DEPOSIT,SAVINGS,PRIMARY,2019-11-16,ACTIVE,,0.0
A-00177,ACC0002808,0.0,0,,False,CARD,CREDIT_CARD,PRIMARY,2020-02-19,ACTIVE,,0.0
A-00178,ACC0010744,25.3,1,R-XP-01,True,CARD,CREDIT_CARD,PRIMARY,2022-08-03,ACTIVE,,0.717
A-00178,ACC0004276,0.0,0,,False,DEPOSIT,CHECKING,PRIMARY,2016-12-28,ACTIVE,P005247 (JOINT),0.0
A-00178,ACC0010743,0.0,0,,False,DEPOSIT,SAVINGS,PRIMARY,2016-08-04,ACTIVE,,0.0
A-00179,ACC0004411,35.3,2,"M-ANOM-CRD, R-CRD-01",True,CARD,CREDIT_CARD,PRIMARY,2012-04-05,ACTIVE,,1.0
A-00180,ACC0002939,137.84,6,"M-ANOM-DEP, R-DEP-01, R-DEP-02, R-DEP-05",True,DEPOSIT,CHECKING,PRIMARY,2016-08-26,ACTIVE,,1.0
A-00180,ACC0002940,0.0,0,,False,DEPOSIT,SAVINGS,PRIMARY,2015-07-10,ACTIVE,,0.0
A-00181,ACC0010727,79.6,3,"M-ANOM-LN, R-LN-01, R-XP-01",True,LOAN,AUTO_LOAN,PRIMARY,2025-10-07,PAID_OFF,,0.581
A-00181,ACC0009638,47.4,2,"M-ANOM-DEP, R-DEP-05",True,DEPOSIT,CHECKING,PRIMARY,2024-11-14,ACTIVE,P005391 (JOINT),0.346
A-00181,ACC0009639,0.0,0,,False,DEPOSIT,SAVINGS,PRIMARY,2025-06-13,ACTIVE,P003220 (JOINT),0.0
A-00181,ACC0009640,0.0,0,,False,DEPOSIT,CD,PRIMARY,2023-12-10,ACTIVE,,0.0
A-00181,ACC0009641,0.0,0,,False,CARD,CREDIT_CARD,PRIMARY,2024-01-29,ACTIVE,,0.0
A-00181,ACC0009642,0.0,0,,False,LOAN,PERSONAL_LOAN,PRIMARY,2024-03-02,ACTIVE,,0.0
A-00182,ACC0003646,132.72,5,"M-ANOM-DEP, R-DEP-01, R-DEP-05, R-DEP-06",True,DEPOSIT,CHECKING,PRIMARY,2025-07-12,ACTIVE,P005590 (JOINT),1.0
A-00183,ACC0010706,124.35,5,"M-ANOM-DEP, R-DEP-01, R-DEP-02, R-DEP-05",True,DEPOSIT,CHECKING,PRIMARY,2017-04-16,ACTIVE,,1.0
A-00183,ACC0006117,0.0,0,,False,CARD,CREDIT_CARD,PRIMARY,2017-09-24,ACTIVE,,0.0
A-00184,ACC0003102,99.2,3,"M-ANOM-DEP, R-DEP-05, R-DEP-06",True,DEPOSIT,CHECKING,PRIMARY,2019-01-01,ACTIVE,,1.0
A-00184,ACC0003103,0.0,0,,False,DEPOSIT,SAVINGS,PRIMARY,2014-02-26,ACTIVE,,0.0
A-00184,ACC0003104,0.0,0,,False,LOAN,PERSONAL_LOAN,PRIMARY,2026-02-19,ACTIVE,,0.0
A-00185,ACC0007618,98.2,3,"M-ANOM-DEP, R-DEP-05, R-DEP-06",True,DEPOSIT,CHECKING,PRIMARY,2019-07-15,ACTIVE,,1.0
A-00185,ACC0007619,0.0,0,,False,DEPOSIT,SAVINGS,PRIMARY,2024-12-29,ACTIVE,,0.0
A-00186,ACC0008704,98.1,3,"M-ANOM-DEP, R-DEP-05, R-DEP-06",True,DEPOSIT,CHECKING,PRIMARY,2024-08-19,ACTIVE,,1.0
A-00186,ACC0008705,0.0,0,,False,DEPOSIT,SAVINGS,PRIMARY,2022-12-31,ACTIVE,,0.0
A-00186,ACC0008706,0.0,0,,False,CARD,CREDIT_CARD,PRIMARY,2026-03-01,ACTIVE,,0.0
A-00186,ACC0008707,0.0,0,,False,LOAN,PERSONAL_LOAN,PRIMARY,2023-08-24,ACTIVE,,0.0
A-00187,ACC0001257,78.3,3,"M-ANOM-DEP, R-DEP-03, R-DEP-06",True,DEPOSIT,CHECKING,PRIMARY,2016-09-01,ACTIVE,,0.94
A-00187,ACC0001258,0.0,0,,False,DEPOSIT,SAVINGS,PRIMARY,2015-08-23,ACTIVE,,0.0
A-00187,ACC0001259,0.0,0,,False,LOAN,PERSONAL_LOAN,PRIMARY,2023-06-27,ACTIVE,,0.0
A-00188,ACC0005445,39.099999999999994,2,"M-ANOM-DEP, R-DEP-05",True,DEPOSIT,CHECKING,PRIMARY,2025-04-19,ACTIVE,,0.493
A-00188,ACC0010736,30.2,1,R-XP-01,True,CARD,CREDIT_CARD,PRIMARY,2021-09-03,ACTIVE,,0.381
A-00189,ACC0010724,78.3,3,"M-ANOM-CRD, R-CRD-04, R-XP-01",True,CARD,CREDIT_CARD,PRIMARY,2024-11-21,ACTIVE,,1.0
A-00189,ACC0005198,0.0,0,,False,DEPOSIT,CHECKING,PRIMARY,2025-12-14,ACTIVE,,0.0
A-00190,ACC0005493,77.1,3,"M-ANOM-DEP, R-DEP-03, R-DEP-06",True,DEPOSIT,CHECKING,PRIMARY,2022-05-23,ACTIVE,P005295 (JOINT),1.0
A-00190,ACC0005494,0.0,0,,False,DEPOSIT,SAVINGS,PRIMARY,2024-09-19,ACTIVE,,0.0
A-00191,ACC0000247,54.2,3,"M-ANOM-DEP, R-DEP-01",True,DEPOSIT,CHECKING,PRIMARY,2025-07-25,ACTIVE,,0.711
A-00191,ACC0000250,12.0,1,R-LN-03,True,LOAN,PERSONAL_LOAN,PRIMARY,2025-08-14,ACTIVE,,0.157
A-00191,ACC0000248,0.0,0,,False,DEPOSIT,SAVINGS,PRIMARY,2026-01-03,ACTIVE,,0.0
A-00191,ACC0000249,0.0,0,,False,CARD,CREDIT_CARD,PRIMARY,2025-03-11,ACTIVE,,0.0
A-00192,ACC0009516,72.38,4,"M-ANOM-DEP, R-DEP-02",True,DEPOSIT,CHECKING,PRIMARY,2019-07-01,ACTIVE,,1.0
A-00193,ACC0000987,63.08,3,"M-ANOM-CRD, R-CRD-02",True,CARD,CREDIT_CARD,PRIMARY,2020-01-09,ACTIVE,,0.926
A-00193,ACC0000985,0.0,0,,False,DEPOSIT,CHECKING,PRIMARY,2021-04-23,ACTIVE,,0.0
A-00193,ACC0000986,0.0,0,,False,DEPOSIT,SAVINGS,PRIMARY,2019-02-28,ACTIVE,,0.0
A-00193,ACC0000988,0.0,0,,False,LOAN,PERSONAL_LOAN,PRIMARY,2024-04-29,ACTIVE,,0.0
A-00194,ACC0002000,29.5,1,R-XP-01,True,CARD,CREDIT_CARD,PRIMARY,2024-05-28,ACTIVE,P005161 (AUTHORIZED_USER),0.452
A-00194,ACC0001998,25.8,1,R-DEP-05,True,DEPOSIT,CHECKING,PRIMARY,2025-01-24,ACTIVE,P004277 (JOINT),0.395
A-00194,ACC0001999,0.0,0,,False,DEPOSIT,SAVINGS,PRIMARY,2024-11-10,ACTIVE,,0.0
A-00195,ACC0010735,29.0,1,R-XP-01,True,CARD,CREDIT_CARD,PRIMARY,2019-07-29,ACTIVE,,0.488
A-00195,ACC0001793,20.4,1,R-DEP-05,True,DEPOSIT,CHECKING,PRIMARY,2014-12-04,ACTIVE,P000301 (JOINT),0.343
A-00195,ACC0001794,0.0,0,,False,DEPOSIT,SAVINGS,PRIMARY,2010-12-11,ACTIVE,,0.0
A-00196,ACC0002934,58.6,3,"M-ANOM-DEP, R-DEP-01",True,DEPOSIT,CHECKING,PRIMARY,2017-03-26,ACTIVE,,1.0
A-00196,ACC0002935,0.0,0,,False,DEPOSIT,CD,PRIMARY,2013-05-31,ACTIVE,,0.0
A-00197,ACC0005337,56.0,3,"M-ANOM-DEP, R-DEP-01",True,DEPOSIT,CHECKING,PRIMARY,2022-06-30,ACTIVE,,1.0
A-00198,ACC0005303,55.300000000000004,2,"M-ANOM-DEP, R-DEP-02",True,DEPOSIT,CHECKING,PRIMARY,2019-05-12,ACTIVE,P005450 (JOINT),1.0
A-00198,ACC0005304,0.0,0,,False,DEPOSIT,SAVINGS,PRIMARY,2022-06-05,ACTIVE,,0.0
A-00198,ACC0005305,0.0,0,,False,DEPOSIT,CD,PRIMARY,2020-01-07,ACTIVE,,0.0
A-00199,ACC0004234,54.3,2,"M-ANOM-DEP, R-DEP-03",True,DEPOSIT,CHECKING,PRIMARY,2013-05-31,ACTIVE,,1.0
A-00199,ACC0004235,0.0,0,,False,DEPOSIT,SAVINGS,PRIMARY,2021-01-11,ACTIVE,,0.0
A-00200,ACC0004100,49.1,2,"M-ANOM-LN, R-LN-01",True,LOAN,AUTO_LOAN,PRIMARY,2025-10-06,PAID_OFF,,0.908
A-00200,ACC0004099,0.0,0,,False,CARD,CREDIT_CARD,PRIMARY,2023-04-12,ACTIVE,,0.0
A-00201,ACC0002063,53.8,2,"M-ANOM-DEP, R-DEP-03",True,DEPOSIT,CHECKING,PRIMARY,2024-11-20,ACTIVE,P004907 (JOINT),1.0
A-00201,ACC0002064,0.0,0,,False,DEPOSIT,SAVINGS,PRIMARY,2020-09-29,ACTIVE,,0.0
A-00201,ACC0002065,0.0,0,,False,DEPOSIT,CD,PRIMARY,2014-12-09,ACTIVE,,0.0
A-00201,ACC0002066,0.0,0,,False,CARD,CREDIT_CARD,PRIMARY,2015-03-05,ACTIVE,P002922 (AUTHORIZED_USER),0.0
A-00201,ACC0002067,0.0,0,,False,LOAN,PERSONAL_LOAN,PRIMARY,2022-10-31,ACTIVE,,0.0
A-00202,ACC0010717,52.8,2,"M-ANOM-CRD, R-CRD-02",True,CARD,CREDIT_CARD,PRIMARY,2026-03-06,ACTIVE,,1.0
A-00202,ACC0007575,0.0,0,,False,DEPOSIT,CHECKING,PRIMARY,2025-12-19,ACTIVE,,0.0
A-00202,ACC0007576,0.0,0,,False,LOAN,AUTO_LOAN,PRIMARY,2026-03-04,ACTIVE,,0.0
A-00203,ACC0002820,52.5,2,"M-ANOM-DEP, R-DEP-06",True,DEPOSIT,CHECKING,PRIMARY,2014-10-20,ACTIVE,,1.0
A-00203,ACC0002821,0.0,0,,False,DEPOSIT,SAVINGS,PRIMARY,2018-01-16,ACTIVE,P001870 (JOINT),0.0
A-00203,ACC0002822,0.0,0,,False,CARD,CREDIT_CARD,PRIMARY,2019-02-11,ACTIVE,,0.0
A-00204,ACC0002153,52.1,2,"M-ANOM-DEP, R-DEP-02",True,DEPOSIT,CHECKING,PRIMARY,2013-03-29,ACTIVE,,1.0
A-00204,ACC0002154,0.0,0,,False,DEPOSIT,SAVINGS,PRIMARY,2010-11-20,ACTIVE,,0.0
A-00205,ACC0005058,51.8,3,"M-ANOM-DEP, R-DEP-01",True,DEPOSIT,CHECKING,PRIMARY,2022-12-23,ACTIVE,P003832 (JOINT),1.0
A-00205,ACC0005059,0.0,0,,False,DEPOSIT,SAVINGS,PRIMARY,2023-10-05,ACTIVE,,0.0
A-00205,ACC0005060,0.0,0,,False,DEPOSIT,CD,PRIMARY,2022-01-24,ACTIVE,,0.0
A-00206,ACC0003842,51.599999999999994,2,"M-ANOM-DEP, R-DEP-02",True,DEPOSIT,CHECKING,PRIMARY,2025-06-30,ACTIVE,,1.0
A-00206,ACC0003843,0.0,0,,False,DEPOSIT,SAVINGS,PRIMARY,2024-03-10,ACTIVE,,0.0
A-00206,ACC0003844,0.0,0,,False,CARD,CREDIT_CARD,PRIMARY,2017-08-18,ACTIVE,,0.0
A-00207,ACC0008186,50.900000000000006,2,"M-ANOM-CRD, R-CRD-01",True,CARD,CREDIT_CARD,PRIMARY,2025-12-25,ACTIVE,,1.0
A-00207,ACC0008185,0.0,0,,False,DEPOSIT,CHECKING,PRIMARY,2025-01-23,ACTIVE,,0.0
A-00208,ACC0001601,49.2,2,"M-ANOM-DEP, R-DEP-02",True,DEPOSIT,CHECKING,PRIMARY,2022-08-12,ACTIVE,,1.0
A-00208,ACC0001602,0.0,0,,False,LOAN,PERSONAL_LOAN,PRIMARY,2025-05-17,ACTIVE,,0.0
A-00209,ACC0002496,47.9,2,"M-ANOM-DEP, R-DEP-02",True,DEPOSIT,CHECKING,PRIMARY,2024-07-02,ACTIVE,,1.0
A-00209,ACC0002497,0.0,0,,False,DEPOSIT,SAVINGS,PRIMARY,2026-01-30,ACTIVE,,0.0
A-00209,ACC0002498,0.0,0,,False,CARD,CREDIT_CARD,PRIMARY,2024-12-11,ACTIVE,P005159 (AUTHORIZED_USER),0.0
A-00209,ACC0002499,0.0,0,,False,LOAN,AUTO_LOAN,PRIMARY,2024-03-19,ACTIVE,,0.0
A-00210,ACC0010711,47.6,2,"M-ANOM-DEP, R-DEP-03",True,DEPOSIT,CHECKING,PRIMARY,2022-01-09,ACTIVE,,1.0
A-00210,ACC0004513,0.0,0,,False,CARD,CREDIT_CARD,PRIMARY,2023-04-22,ACTIVE,,0.0
A-00211,ACC0006177,47.6,3,"M-ANOM-DEP, R-DEP-01",True,DEPOSIT,CHECKING,PRIMARY,2022-06-20,ACTIVE,,1.0
A-00211,ACC0006178,0.0,0,,False,DEPOSIT,SAVINGS,PRIMARY,2021-09-10,ACTIVE,P005183 (JOINT),0.0
A-00212,ACC0008609,47.3,2,"M-ANOM-CRD, R-CRD-03",True,CARD,CREDIT_CARD,PRIMARY,2026-02-01,ACTIVE,,1.0
A-00212,ACC0008607,0.0,0,,False,DEPOSIT,CHECKING,PRIMARY,2024-12-17,ACTIVE,,0.0
A-00212,ACC0008608,0.0,0,,False,DEPOSIT,SAVINGS,PRIMARY,2022-12-15,ACTIVE,P005566 (JOINT),0.0
A-00213,ACC0010721,47.2,2,"M-ANOM-CRD, R-CRD-03",True,CARD,CREDIT_CARD,PRIMARY,2024-04-01,ACTIVE,,1.0
A-00213,ACC0006982,0.0,0,,False,DEPOSIT,CHECKING,PRIMARY,2018-11-16,ACTIVE,,0.0
A-00213,ACC0006983,0.0,0,,False,LOAN,AUTO_LOAN,PRIMARY,2025-01-20,ACTIVE,,0.0
A-00214,ACC0009473,46.400000000000006,2,"M-ANOM-DEP, R-DEP-02",True,DEPOSIT,CHECKING,PRIMARY,2010-07-29,ACTIVE,,1.0
A-00214,ACC0009474,0.0,0,,False,DEPOSIT,SAVINGS,PRIMARY,2019-01-09,ACTIVE,,0.0
A-00214,ACC0009475,0.0,0,,False,CARD,CREDIT_CARD,PRIMARY,2012-09-03,ACTIVE,,0.0
A-00215,ACC0007016,46.0,2,"M-ANOM-DEP, R-DEP-02",True,DEPOSIT,CHECKING,PRIMARY,2020-08-03,ACTIVE,,1.0
A-00216,ACC0006743,45.9,2,"M-ANOM-DEP, R-DEP-01",True,DEPOSIT,CHECKING,PRIMARY,2026-03-07,ACTIVE,,1.0
A-00217,ACC0010713,45.8,2,"M-ANOM-DEP, R-DEP-04",True,DEPOSIT,SAVINGS,PRIMARY,2014-01-01,ACTIVE,,1.0
A-00217,ACC0010243,0.0,0,,False,DEPOSIT,CHECKING,PRIMARY,2020-01-20,ACTIVE,P005189 (JOINT),0.0
A-00217,ACC0010244,0.0,0,,False,DEPOSIT,SAVINGS,PRIMARY,2020-11-19,ACTIVE,,0.0
A-00218,ACC0007827,45.5,2,"M-ANOM-DEP, R-DEP-02",True,DEPOSIT,CHECKING,PRIMARY,2013-07-11,ACTIVE,,1.0
A-00218,ACC0007828,0.0,0,,False,LOAN,MORTGAGE,PRIMARY,2011-10-27,ACTIVE,,0.0
A-00219,ACC0010607,45.5,2,"M-ANOM-DEP, R-DEP-01",True,DEPOSIT,CHECKING,PRIMARY,2025-09-24,ACTIVE,,1.0
A-00219,ACC0010608,0.0,0,,False,DEPOSIT,SAVINGS,PRIMARY,2025-08-04,ACTIVE,P005476 (JOINT),0.0
A-00219,ACC0010609,0.0,0,,False,CARD,CREDIT_CARD,PRIMARY,2025-08-26,ACTIVE,,0.0
A-00219,ACC0010610,0.0,0,,False,LOAN,AUTO_LOAN,PRIMARY,2026-01-05,ACTIVE,,0.0
A-00220,ACC0002145,44.6,2,"M-ANOM-DEP, R-DEP-01",True,DEPOSIT,CHECKING,PRIMARY,2025-11-02,ACTIVE,,1.0
A-00221,ACC0006723,44.6,2,"M-ANOM-DEP, R-DEP-03",True,DEPOSIT,CHECKING,PRIMARY,2009-05-19,ACTIVE,,1.0
A-00221,ACC0006724,0.0,0,,False,DEPOSIT,SAVINGS,PRIMARY,2020-09-24,ACTIVE,P005204 (JOINT),0.0
A-00221,ACC0006725,0.0,0,,False,CARD,CREDIT_CARD,PRIMARY,2009-11-25,ACTIVE,,0.0
A-00222,ACC0002723,44.400000000000006,2,"M-ANOM-DEP, R-DEP-02",True,DEPOSIT,CHECKING,PRIMARY,2019-11-04,ACTIVE,P005312 (JOINT),1.0
A-00222,ACC0002724,0.0,0,,False,CARD,CREDIT_CARD,PRIMARY,2017-09-13,ACTIVE,,0.0
A-00223,ACC0010714,39.2,2,"M-ANOM-DEP, R-DEP-04",True,DEPOSIT,SAVINGS,PRIMARY,2018-01-01,ACTIVE,,0.887
A-00223,ACC0007226,0.0,0,,False,DEPOSIT,CHECKING,PRIMARY,2012-12-13,ACTIVE,,0.0
A-00223,ACC0007227,0.0,0,,False,DEPOSIT,SAVINGS,PRIMARY,2021-01-18,ACTIVE,P004260 (JOINT),0.0
A-00223,ACC0007228,0.0,0,,False,CARD,CREDIT_CARD,PRIMARY,2022-10-11,ACTIVE,,0.0
A-00223,ACC0007229,0.0,0,,False,LOAN,MORTGAGE,PRIMARY,2011-11-04,ACTIVE,,0.0
A-00224,ACC0007973,44.2,2,"M-ANOM-DEP, R-DEP-05",True,DEPOSIT,CHECKING,PRIMARY,2025-02-21,ACTIVE,,1.0
A-00224,ACC0007974,0.0,0,,False,DEPOSIT,SAVINGS,PRIMARY,2024-10-05,ACTIVE,,0.0
A-00224,ACC0007975,0.0,0,,False,DEPOSIT,CD,PRIMARY,2026-02-27,ACTIVE,,0.0
A-00224,ACC0007976,0.0,0,,False,CARD,CREDIT_CARD,PRIMARY,2022-10-03,ACTIVE,P005327 (AUTHORIZED_USER),0.0
A-00225,ACC0008004,44.0,2,"M-ANOM-CRD, R-CRD-01",True,CARD,CREDIT_CARD,PRIMARY,2023-03-27,ACTIVE,,1.0
A-00225,ACC0008002,0.0,0,,False,DEPOSIT,CHECKING,PRIMARY,2013-05-29,ACTIVE,,0.0
A-00225,ACC0008003,0.0,0,,False,DEPOSIT,SAVINGS,PRIMARY,2017-10-05,ACTIVE,,0.0
A-00225,ACC0008005,0.0,0,,False,LOAN,PERSONAL_LOAN,PRIMARY,2023-05-01,ACTIVE,,0.0
A-00226,ACC0010722,43.0,2,"M-ANOM-CRD, R-CRD-04",True,CARD,CREDIT_CARD,PRIMARY,2020-04-04,ACTIVE,,1.0
A-00226,ACC0005697,0.0,0,,False,LOAN,AUTO_LOAN,PRIMARY,2022-11-01,ACTIVE,,0.0
A-00226,ACC0010723,0.0,0,,False,DEPOSIT,CHECKING,PRIMARY,2022-04-27,ACTIVE,,0.0
A-00227,ACC0005491,20.8,1,R-CRD-04,True,CARD,CREDIT_CARD,PRIMARY,2021-11-16,ACTIVE,,0.486
A-00227,ACC0005492,12.0,1,M-ANOM-LN,True,LOAN,MORTGAGE,PRIMARY,2005-05-28,ACTIVE,,0.28
A-00227,ACC0010725,0.0,0,,False,DEPOSIT,CHECKING,PRIMARY,2017-01-25,ACTIVE,,0.0
A-00228,ACC0002178,42.7,2,"M-ANOM-CRD, R-CRD-01",True,CARD,CREDIT_CARD,PRIMARY,2024-09-07,ACTIVE,P005245 (AUTHORIZED_USER),1.0
A-00228,ACC0002176,0.0,0,,False,DEPOSIT,CHECKING,PRIMARY,2025-12-22,ACTIVE,P005560 (JOINT),0.0
A-00228,ACC0002177,0.0,0,,False,DEPOSIT,SAVINGS,PRIMARY,2024-11-19,ACTIVE,,0.0
A-00228,ACC0002179,0.0,0,,False,LOAN,AUTO_LOAN,PRIMARY,2025-08-08,ACTIVE,,0.0
A-00229,ACC0008835,42.7,2,"M-ANOM-DEP, R-DEP-02",True,DEPOSIT,CHECKING,PRIMARY,2018-12-19,ACTIVE,,1.0
A-00229,ACC0008836,0.0,0,,False,DEPOSIT,SAVINGS,PRIMARY,2023-05-27,ACTIVE,,0.0
A-00229,ACC0008837,0.0,0,,False,CARD,CREDIT_CARD,PRIMARY,2023-04-12,ACTIVE,,0.0
A-00229,ACC0008838,0.0,0,,False,LOAN,PERSONAL_LOAN,PRIMARY,2022-07-28,ACTIVE,,0.0
A-00230,ACC0008979,42.5,2,"M-ANOM-CRD, R-CRD-01",True,CARD,CREDIT_CARD,PRIMARY,2009-06-21,ACTIVE,,1.0
A-00230,ACC0008978,0.0,0,,False,DEPOSIT,CHECKING,PRIMARY,2017-10-20,ACTIVE,P005324 (JOINT),0.0
A-00230,ACC0008980,0.0,0,,False,LOAN,PERSONAL_LOAN,PRIMARY,2023-09-22,ACTIVE,P005270 (CO_BORROWER),0.0
A-00231,ACC0005464,42.4,2,"M-ANOM-CRD, R-CRD-01",True,CARD,CREDIT_CARD,PRIMARY,2020-11-30,ACTIVE,,1.0
A-00231,ACC0005465,0.0,0,,False,LOAN,AUTO_LOAN,PRIMARY,2026-07-26,ACTIVE,,0.0
A-00232,ACC0007120,42.099999999999994,2,"M-ANOM-CRD, R-CRD-01",True,CARD,CREDIT_CARD,PRIMARY,2015-08-21,ACTIVE,,1.0
A-00232,ACC0007121,0.0,0,,False,LOAN,PERSONAL_LOAN,PRIMARY,2023-06-27,ACTIVE,,0.0
A-00233,ACC0009285,41.6,2,"M-ANOM-DEP, R-DEP-02",True,DEPOSIT,CHECKING,PRIMARY,2025-11-16,ACTIVE,,1.0
A-00234,ACC0002472,40.0,2,R-DEP-01,True,DEPOSIT,CHECKING,PRIMARY,2022-12-21,ACTIVE,,1.0
A-00234,ACC0002473,0.0,0,,False,DEPOSIT,CD,PRIMARY,2023-07-22,ACTIVE,,0.0
A-00235,ACC0005642,33.6,1,R-DEP-06,True,DEPOSIT,CHECKING,PRIMARY,2022-09-05,ACTIVE,,0.87
A-00235,ACC0005643,0.0,0,,False,DEPOSIT,SAVINGS,PRIMARY,2018-06-16,ACTIVE,P005109 (JOINT),0.0
A-00235,ACC0005644,0.0,0,,False,DEPOSIT,CD,PRIMARY,2010-12-19,ACTIVE,,0.0
A-00235,ACC0005645,0.0,0,,False,CARD,CREDIT_CARD,PRIMARY,2008-12-22,ACTIVE,P005117 (AUTHORIZED_USER),0.0
A-00236,ACC0001571,37.5,2,"M-ANOM-CRD, R-CRD-01",True,CARD,CREDIT_CARD,PRIMARY,2015-11-06,ACTIVE,,1.0
A-00236,ACC0001569,0.0,0,,False,DEPOSIT,CHECKING,PRIMARY,2017-09-02,ACTIVE,,0.0
A-00236,ACC0001570,0.0,0,,False,DEPOSIT,SAVINGS,PRIMARY,2022-11-21,ACTIVE,,0.0
A-00237,ACC0010710,35.2,1,R-DEP-06,True,DEPOSIT,CHECKING,PRIMARY,2012-08-21,ACTIVE,,1.0
A-00237,ACC0003735,0.0,0,,False,CARD,CREDIT_CARD,PRIMARY,2025-07-03,ACTIVE,,0.0
A-00238,ACC0004730,35.1,2,"M-ANOM-LN, R-LN-03",True,LOAN,MORTGAGE,PRIMARY,2011-04-22,ACTIVE,,1.0
A-00238,ACC0004727,0.0,0,,False,DEPOSIT,CHECKING,PRIMARY,2014-12-27,ACTIVE,,0.0
A-00238,ACC0004728,0.0,0,,False,DEPOSIT,SAVINGS,PRIMARY,2015-10-22,ACTIVE,,0.0
A-00238,ACC0004729,0.0,0,,False,CARD,CREDIT_CARD,PRIMARY,2012-06-04,ACTIVE,,0.0
A-00239,ACC0006597,35.0,2,"M-ANOM-DEP, R-DEP-05",True,DEPOSIT,CHECKING,PRIMARY,2013-07-04,ACTIVE,P005220 (JOINT),1.0
A-00240,ACC0010429,129.72,5,"M-ANOM-DEP, R-DEP-01, R-DEP-05, R-DEP-06",True,DEPOSIT,CHECKING,PRIMARY,2020-08-18,ACTIVE,,0.963
A-00240,ACC0010430,0.0,0,,False,DEPOSIT,SAVINGS,PRIMARY,2008-09-05,ACTIVE,,0.0
A-00240,ACC0010431,0.0,0,,False,LOAN,MORTGAGE,PRIMARY,2012-06-18,ACTIVE,,0.0
A-00241,ACC0007618,129.4,4,"M-ANOM-DEP, R-DEP-03, R-DEP-05, R-DEP-06",True,DEPOSIT,CHECKING,PRIMARY,2019-07-15,ACTIVE,,1.0
A-00241,ACC0007619,0.0,0,,False,DEPOSIT,SAVINGS,PRIMARY,2024-12-29,ACTIVE,,0.0
A-00242,ACC0010730,47.6,2,"M-ANOM-LN, R-LN-02",True,LOAN,PERSONAL_LOAN,PRIMARY,2026-08-24,ACTIVE,,0.453
A-00242,ACC0002260,47.5,2,"M-ANOM-DEP, R-DEP-03",True,DEPOSIT,CHECKING,PRIMARY,2026-03-19,ACTIVE,P005358 (JOINT),0.452
A-00243,ACC0009502,51.099999999999994,2,"M-ANOM-DEP, R-DEP-05",True,DEPOSIT,CHECKING,PRIMARY,2023-04-26,ACTIVE,P002041 (JOINT),0.522
A-00243,ACC0009503,46.7,2,"M-ANOM-DEP, R-DEP-05",True,DEPOSIT,SAVINGS,PRIMARY,2023-04-23,ACTIVE,,0.478
A-00243,ACC0009504,0.0,0,,False,CARD,CREDIT_CARD,PRIMARY,2025-08-10,ACTIVE,,0.0
A-00244,ACC0010717,91.15,4,"M-ANOM-CRD, R-CRD-02, R-XP-01",True,CARD,CREDIT_CARD,PRIMARY,2026-03-06,ACTIVE,,1.001
A-00244,ACC0007575,0.0,0,,False,DEPOSIT,CHECKING,PRIMARY,2025-12-19,ACTIVE,,0.0
A-00244,ACC0007576,0.0,0,,False,LOAN,AUTO_LOAN,PRIMARY,2026-03-04,ACTIVE,,0.0
A-00245,ACC0005445,41.5,2,"M-ANOM-DEP, R-DEP-05",True,DEPOSIT,CHECKING,PRIMARY,2025-04-19,ACTIVE,,0.51
A-00245,ACC0010736,29.9,1,R-XP-01,True,CARD,CREDIT_CARD,PRIMARY,2021-09-03,ACTIVE,,0.367
A-00246,ACC0010222,75.4,3,"M-ANOM-DEP, R-DEP-03, R-DEP-06",True,DEPOSIT,CHECKING,PRIMARY,2018-10-30,ACTIVE,,1.0
A-00247,ACC0000247,45.6,2,"M-ANOM-DEP, R-DEP-01",True,DEPOSIT,CHECKING,PRIMARY,2025-07-25,ACTIVE,,0.675
A-00247,ACC0000250,12.0,1,R-LN-03,True,LOAN,PERSONAL_LOAN,PRIMARY,2025-08-14,ACTIVE,,0.178
A-00247,ACC0000248,0.0,0,,False,DEPOSIT,SAVINGS,PRIMARY,2026-01-03,ACTIVE,,0.0
A-00247,ACC0000249,0.0,0,,False,CARD,CREDIT_CARD,PRIMARY,2025-03-11,ACTIVE,,0.0
A-00248,ACC0005303,64.3,3,"M-ANOM-DEP, R-DEP-02",True,DEPOSIT,CHECKING,PRIMARY,2019-05-12,ACTIVE,P005450 (JOINT),1.0
A-00248,ACC0005304,0.0,0,,False,DEPOSIT,SAVINGS,PRIMARY,2022-06-05,ACTIVE,,0.0
A-00248,ACC0005305,0.0,0,,False,DEPOSIT,CD,PRIMARY,2020-01-07,ACTIVE,,0.0
A-00249,ACC0009516,62.99999999999999,3,"M-ANOM-DEP, R-DEP-02",True,DEPOSIT,CHECKING,PRIMARY,2019-07-01,ACTIVE,,1.0
A-00250,ACC0006177,59.8,4,"M-ANOM-DEP, R-DEP-01",True,DEPOSIT,CHECKING,PRIMARY,2022-06-20,ACTIVE,,1.0
A-00250,ACC0006178,0.0,0,,False,DEPOSIT,SAVINGS,PRIMARY,2021-09-10,ACTIVE,P005183 (JOINT),0.0
A-00251,ACC0002799,51.6,2,"M-ANOM-DEP, R-DEP-02",True,DEPOSIT,CHECKING,PRIMARY,2022-06-05,ACTIVE,,0.912
A-00251,ACC0002800,0.0,0,,False,DEPOSIT,SAVINGS,PRIMARY,2026-01-11,ACTIVE,P005030 (JOINT),0.0
A-00251,ACC0002801,0.0,0,,False,CARD,CREDIT_CARD,PRIMARY,2018-08-28,ACTIVE,,0.0
A-00251,ACC0002802,0.0,0,,False,LOAN,AUTO_LOAN,PRIMARY,2022-01-25,ACTIVE,,0.0
A-00252,ACC0007410,56.2,3,"M-ANOM-LN, R-LN-01, R-LN-03",True,LOAN,AUTO_LOAN,PRIMARY,2024-10-14,PAID_OFF,P005552 (GUARANTOR),1.0
A-00252,ACC0007407,0.0,0,,False,DEPOSIT,CHECKING,PRIMARY,2024-05-12,ACTIVE,,0.0
A-00252,ACC0007408,0.0,0,,False,DEPOSIT,SAVINGS,PRIMARY,2023-01-30,ACTIVE,,0.0
A-00252,ACC0007409,0.0,0,,False,DEPOSIT,CD,PRIMARY,2022-07-01,ACTIVE,,0.0
A-00253,ACC0010607,55.6,3,"M-ANOM-DEP, R-DEP-01",True,DEPOSIT,CHECKING,PRIMARY,2025-09-24,ACTIVE,,1.0
A-00253,ACC0010608,0.0,0,,False,DEPOSIT,SAVINGS,PRIMARY,2025-08-04,ACTIVE,P005476 (JOINT),0.0
A-00253,ACC0010609,0.0,0,,False,CARD,CREDIT_CARD,PRIMARY,2025-08-26,ACTIVE,,0.0
A-00253,ACC0010610,0.0,0,,False,LOAN,AUTO_LOAN,PRIMARY,2026-01-05,ACTIVE,,0.0
A-00254,ACC0006743,53.7,3,"M-ANOM-DEP, R-DEP-01",True,DEPOSIT,CHECKING,PRIMARY,2026-03-07,ACTIVE,,1.0
A-00255,ACC0008186,53.4,2,"M-ANOM-CRD, R-CRD-01",True,CARD,CREDIT_CARD,PRIMARY,2025-12-25,ACTIVE,,1.0
A-00255,ACC0008185,0.0,0,,False,DEPOSIT,CHECKING,PRIMARY,2025-01-23,ACTIVE,,0.0
A-00256,ACC0007315,53.1,2,"M-ANOM-DEP, R-DEP-02",True,DEPOSIT,CHECKING,PRIMARY,2025-09-11,ACTIVE,,1.0
A-00257,ACC0002153,52.5,2,"M-ANOM-DEP, R-DEP-02",True,DEPOSIT,CHECKING,PRIMARY,2013-03-29,ACTIVE,,1.0
A-00257,ACC0002154,0.0,0,,False,DEPOSIT,SAVINGS,PRIMARY,2010-11-20,ACTIVE,,0.0
A-00258,ACC0002504,52.0,2,"M-ANOM-DEP, R-DEP-02",True,DEPOSIT,CHECKING,PRIMARY,2023-09-28,ACTIVE,,1.0
A-00258,ACC0002505,0.0,0,,False,DEPOSIT,SAVINGS,PRIMARY,2021-05-09,ACTIVE,P005394 (JOINT),0.0
A-00259,ACC0005337,52.0,3,"M-ANOM-DEP, R-DEP-01",True,DEPOSIT,CHECKING,PRIMARY,2022-06-30,ACTIVE,,1.0
A-00260,ACC0005747,51.4,2,"M-ANOM-LN, R-LN-01",True,LOAN,MORTGAGE,PRIMARY,2026-03-17,PAID_OFF,,1.0
A-00261,ACC0006627,51.1,2,"M-ANOM-DEP, R-DEP-02",True,DEPOSIT,CHECKING,PRIMARY,2023-09-29,ACTIVE,,1.0
A-00262,ACC0003659,50.6,2,"M-ANOM-DEP, R-DEP-02",True,DEPOSIT,CHECKING,PRIMARY,2026-03-09,ACTIVE,P005076 (JOINT),1.0
A-00262,ACC0003660,0.0,0,,False,CARD,CREDIT_CARD,PRIMARY,2017-10-11,ACTIVE,,0.0
A-00263,ACC0002934,50.3,2,"M-ANOM-DEP, R-DEP-01",True,DEPOSIT,CHECKING,PRIMARY,2017-03-26,ACTIVE,,1.0
A-00263,ACC0002935,0.0,0,,False,DEPOSIT,CD,PRIMARY,2013-05-31,ACTIVE,,0.0
A-00264,ACC0001270,49.9,2,"M-ANOM-DEP, R-DEP-02",True,DEPOSIT,CHECKING,PRIMARY,2023-10-04,ACTIVE,,1.0
A-00264,ACC0001271,0.0,0,,False,CARD,CREDIT_CARD,PRIMARY,2014-12-06,ACTIVE,P005353 (AUTHORIZED_USER),0.0
A-00264,ACC0001272,0.0,0,,False,LOAN,PERSONAL_LOAN,PRIMARY,2023-01-15,ACTIVE,,0.0
A-00265,ACC0009312,49.8,2,"M-ANOM-DEP, R-DEP-02",True,DEPOSIT,CHECKING,PRIMARY,2016-11-25,ACTIVE,,1.0
A-00265,ACC0009313,0.0,0,,False,DEPOSIT,SAVINGS,PRIMARY,2011-08-04,ACTIVE,,0.0
A-00265,ACC0009314,0.0,0,,False,CARD,CREDIT_CARD,PRIMARY,2019-07-06,ACTIVE,,0.0
A-00266,ACC0010728,49.6,2,"M-ANOM-LN, R-LN-01",True,LOAN,AUTO_LOAN,PRIMARY,2025-10-01,PAID_OFF,,1.0
A-00266,ACC0006051,0.0,0,,False,DEPOSIT,CHECKING,PRIMARY,2025-02-12,ACTIVE,P005187 (JOINT),0.0
A-00266,ACC0006052,0.0,0,,False,DEPOSIT,SAVINGS,PRIMARY,2025-04-16,ACTIVE,,0.0
A-00266,ACC0006053,0.0,0,,False,CARD,CREDIT_CARD,PRIMARY,2024-10-29,ACTIVE,,0.0
A-00266,ACC0006054,0.0,0,,False,LOAN,AUTO_LOAN,PRIMARY,2026-01-02,ACTIVE,,0.0
A-00267,ACC0004601,49.2,2,"M-ANOM-DEP, R-DEP-02",True,DEPOSIT,CHECKING,PRIMARY,2016-11-03,ACTIVE,,1.0
A-00267,ACC0004602,0.0,0,,False,CARD,CREDIT_CARD,PRIMARY,2018-10-07,ACTIVE,,0.0
A-00268,ACC0003223,48.9,2,"M-ANOM-DEP, R-DEP-02",True,DEPOSIT,CHECKING,PRIMARY,2012-01-30,ACTIVE,,1.0
A-00268,ACC0003224,0.0,0,,False,DEPOSIT,CD,PRIMARY,2015-02-27,ACTIVE,,0.0
A-00269,ACC0008979,48.7,2,"M-ANOM-CRD, R-CRD-01",True,CARD,CREDIT_CARD,PRIMARY,2009-06-21,ACTIVE,,1.0
A-00269,ACC0008978,0.0,0,,False,DEPOSIT,CHECKING,PRIMARY,2017-10-20,ACTIVE,P005324 (JOINT),0.0
A-00269,ACC0008980,0.0,0,,False,LOAN,PERSONAL_LOAN,PRIMARY,2023-09-22,ACTIVE,P005270 (CO_BORROWER),0.0
A-00270,ACC0002806,42.0,2,"M-ANOM-DEP, R-DEP-06",True,DEPOSIT,CHECKING,PRIMARY,2019-08-29,ACTIVE,,0.894
A-00270,ACC0002807,0.0,0,,False,DEPOSIT,SAVINGS,PRIMARY,2019-11-16,ACTIVE,,0.0
A-00270,ACC0002808,0.0,0,,False,CARD,CREDIT_CARD,PRIMARY,2020-02-19,ACTIVE,,0.0
A-00271,ACC0010712,45.2,2,"M-ANOM-DEP, R-DEP-04",True,DEPOSIT,SAVINGS,PRIMARY,2019-03-01,ACTIVE,,1.0
A-00271,ACC0006219,0.0,0,,False,DEPOSIT,CHECKING,PRIMARY,2022-10-08,ACTIVE,,0.0
A-00271,ACC0006220,0.0,0,,False,DEPOSIT,SAVINGS,PRIMARY,2011-07-23,ACTIVE,,0.0
A-00272,ACC0002472,45.0,3,R-DEP-01,True,DEPOSIT,CHECKING,PRIMARY,2022-12-21,ACTIVE,,1.0
A-00272,ACC0002473,0.0,0,,False,DEPOSIT,CD,PRIMARY,2023-07-22,ACTIVE,,0.0
A-00273,ACC0010715,44.7,2,"M-ANOM-DEP, R-DEP-04",True,DEPOSIT,SAVINGS,PRIMARY,2014-11-01,ACTIVE,,1.0
A-00273,ACC0003004,0.0,0,,False,DEPOSIT,CHECKING,PRIMARY,2023-10-03,ACTIVE,,0.0
A-00273,ACC0003005,0.0,0,,False,DEPOSIT,SAVINGS,PRIMARY,2021-04-06,ACTIVE,,0.0
A-00273,ACC0003006,0.0,0,,False,DEPOSIT,CD,PRIMARY,2018-02-02,ACTIVE,,0.0
A-00273,ACC0003007,0.0,0,,False,CARD,CREDIT_CARD,PRIMARY,2025-05-25,ACTIVE,,0.0
A-00274,ACC0008609,44.1,2,"M-ANOM-CRD, R-CRD-03",True,CARD,CREDIT_CARD,PRIMARY,2026-02-01,ACTIVE,,1.0
A-00274,ACC0008607,0.0,0,,False,DEPOSIT,CHECKING,PRIMARY,2024-12-17,ACTIVE,,0.0
A-00274,ACC0008608,0.0,0,,False,DEPOSIT,SAVINGS,PRIMARY,2022-12-15,ACTIVE,P005566 (JOINT),0.0
A-00275,ACC0002063,43.7,2,"M-ANOM-DEP, R-DEP-03",True,DEPOSIT,CHECKING,PRIMARY,2024-11-20,ACTIVE,P004907 (JOINT),1.0
A-00275,ACC0002064,0.0,0,,False,DEPOSIT,SAVINGS,PRIMARY,2020-09-29,ACTIVE,,0.0
A-00275,ACC0002065,0.0,0,,False,DEPOSIT,CD,PRIMARY,2014-12-09,ACTIVE,,0.0
A-00275,ACC0002066,0.0,0,,False,CARD,CREDIT_CARD,PRIMARY,2015-03-05,ACTIVE,P002922 (AUTHORIZED_USER),0.0
A-00275,ACC0002067,0.0,0,,False,LOAN,PERSONAL_LOAN,PRIMARY,2022-10-31,ACTIVE,,0.0
A-00276,ACC0006120,43.5,2,"M-ANOM-CRD, R-CRD-01",True,CARD,CREDIT_CARD,PRIMARY,2021-12-08,ACTIVE,,1.0
A-00276,ACC0006118,0.0,0,,False,DEPOSIT,CHECKING,PRIMARY,2022-04-09,ACTIVE,,0.0
A-00276,ACC0006119,0.0,0,,False,DEPOSIT,SAVINGS,PRIMARY,2022-02-02,ACTIVE,P001466 (JOINT),0.0
A-00277,ACC0001710,43.4,2,"M-ANOM-CRD, R-CRD-01",True,CARD,CREDIT_CARD,PRIMARY,2024-03-19,ACTIVE,,1.0
A-00278,ACC0010630,42.9,2,"M-ANOM-DEP, R-DEP-06",True,DEPOSIT,CHECKING,PRIMARY,2023-09-12,ACTIVE,,1.0
A-00278,ACC0010631,0.0,0,,False,DEPOSIT,SAVINGS,PRIMARY,2026-01-23,ACTIVE,,0.0
A-00279,ACC0002145,41.3,2,"M-ANOM-DEP, R-DEP-01",True,DEPOSIT,CHECKING,PRIMARY,2025-11-02,ACTIVE,,1.0
A-00280,ACC0003919,41.3,2,"M-ANOM-DEP, R-DEP-05",True,DEPOSIT,CHECKING,PRIMARY,2011-10-25,ACTIVE,,1.0
A-00280,ACC0003920,0.0,0,,False,LOAN,AUTO_LOAN,PRIMARY,2021-01-28,ACTIVE,,0.0
A-00281,ACC0006585,40.7,2,"M-ANOM-CRD, R-CRD-01",True,CARD,CREDIT_CARD,PRIMARY,2017-08-23,ACTIVE,,1.0
A-00281,ACC0006582,0.0,0,,False,DEPOSIT,CHECKING,PRIMARY,2018-01-31,ACTIVE,,0.0
A-00281,ACC0006583,0.0,0,,False,DEPOSIT,SAVINGS,PRIMARY,2021-09-10,ACTIVE,,0.0
A-00281,ACC0006584,0.0,0,,False,DEPOSIT,CD,PRIMARY,2017-07-26,ACTIVE,,0.0
A-00281,ACC0006586,0.0,0,,False,LOAN,PERSONAL_LOAN,PRIMARY,2023-11-07,ACTIVE,,0.0
A-00282,ACC0005058,40.4,2,"M-ANOM-DEP, R-DEP-01",True,DEPOSIT,CHECKING,PRIMARY,2022-12-23,ACTIVE,P003832 (JOINT),1.0
A-00282,ACC0005059,0.0,0,,False,DEPOSIT,SAVINGS,PRIMARY,2023-10-05,ACTIVE,,0.0
A-00282,ACC0005060,0.0,0,,False,DEPOSIT,CD,PRIMARY,2022-01-24,ACTIVE,,0.0
A-00283,ACC0004285,39.900000000000006,2,"M-ANOM-CRD, R-CRD-01",True,CARD,CREDIT_CARD,PRIMARY,2025-11-29,ACTIVE,,1.0
A-00283,ACC0004284,0.0,0,,False,DEPOSIT,CHECKING,PRIMARY,2024-04-10,ACTIVE,,0.0
A-00284,ACC0009114,39.9,2,"M-ANOM-CRD, R-CRD-01",True,CARD,CREDIT_CARD,PRIMARY,2022-08-01,ACTIVE,,1.0
A-00284,ACC0009111,0.0,0,,False,DEPOSIT,CHECKING,PRIMARY,2010-10-30,ACTIVE,,0.0
A-00284,ACC0009112,0.0,0,,False,DEPOSIT,SAVINGS,PRIMARY,2020-06-21,ACTIVE,,0.0
A-00284,ACC0009113,0.0,0,,False,DEPOSIT,CD,PRIMARY,2016-06-12,ACTIVE,,0.0
A-00285,ACC0004494,39.099999999999994,2,"M-ANOM-CRD, R-CRD-01",True,CARD,CREDIT_CARD,PRIMARY,2010-06-27,ACTIVE,,1.0
A-00285,ACC0004493,0.0,0,,False,DEPOSIT,CHECKING,PRIMARY,2023-07-26,ACTIVE,,0.0
A-00286,ACC0007973,38.6,2,"M-ANOM-DEP, R-DEP-05",True,DEPOSIT,CHECKING,PRIMARY,2025-02-21,ACTIVE,,1.0
A-00286,ACC0007974,0.0,0,,False,DEPOSIT,SAVINGS,PRIMARY,2024-10-05,ACTIVE,,0.0
A-00286,ACC0007975,0.0,0,,False,DEPOSIT,CD,PRIMARY,2026-02-27,ACTIVE,,0.0
A-00286,ACC0007976,0.0,0,,False,CARD,CREDIT_CARD,PRIMARY,2022-10-03,ACTIVE,P005327 (AUTHORIZED_USER),0.0
A-00287,ACC0001571,38.5,2,"M-ANOM-CRD, R-CRD-01",True,CARD,CREDIT_CARD,PRIMARY,2015-11-06,ACTIVE,,1.0
A-00287,ACC0001569,0.0,0,,False,DEPOSIT,CHECKING,PRIMARY,2017-09-02,ACTIVE,,0.0
A-00287,ACC0001570,0.0,0,,False,DEPOSIT,SAVINGS,PRIMARY,2022-11-21,ACTIVE,,0.0
A-00288,ACC0006597,37.8,2,"M-ANOM-DEP, R-DEP-05",True,DEPOSIT,CHECKING,PRIMARY,2013-07-04,ACTIVE,P005220 (JOINT),1.0
A-00289,ACC0010746,27.1,1,R-XP-01,True,CARD,CREDIT_CARD,PRIMARY,2025-08-08,ACTIVE,,0.73
A-00289,ACC0001363,0.0,0,,False,DEPOSIT,CHECKING,PRIMARY,2024-07-01,ACTIVE,,0.0
A-00289,ACC0010745,0.0,0,,False,DEPOSIT,SAVINGS,PRIMARY,2024-03-06,ACTIVE,,0.0
A-00290,ACC0008080,36.8,2,"M-ANOM-DEP, R-DEP-03",True,DEPOSIT,CHECKING,PRIMARY,2016-08-21,ACTIVE,,1.0
A-00290,ACC0008081,0.0,0,,False,DEPOSIT,CD,PRIMARY,2013-08-04,ACTIVE,,0.0
A-00291,ACC0004557,35.9,1,R-DEP-06,True,DEPOSIT,CHECKING,PRIMARY,2023-06-20,ACTIVE,,1.0
A-00291,ACC0004558,0.0,0,,False,DEPOSIT,SAVINGS,PRIMARY,2021-10-22,ACTIVE,,0.0
A-00291,ACC0004559,0.0,0,,False,CARD,CREDIT_CARD,PRIMARY,2024-03-02,ACTIVE,,0.0
A-00292,ACC0010429,144.17,7,"M-ANOM-DEP, R-DEP-01, R-DEP-02, R-DEP-05",True,DEPOSIT,CHECKING,PRIMARY,2020-08-18,ACTIVE,,0.966
A-00292,ACC0010430,0.0,0,,False,DEPOSIT,SAVINGS,PRIMARY,2008-09-05,ACTIVE,,0.0
A-00292,ACC0010431,0.0,0,,False,LOAN,MORTGAGE,PRIMARY,2012-06-18,ACTIVE,,0.0
A-00293,ACC0000247,66.1,4,"M-ANOM-DEP, R-DEP-01",True,DEPOSIT,CHECKING,PRIMARY,2025-07-25,ACTIVE,,0.75
A-00293,ACC0000250,12.0,1,R-LN-03,True,LOAN,PERSONAL_LOAN,PRIMARY,2025-08-14,ACTIVE,,0.136
A-00293,ACC0000248,0.0,0,,False,DEPOSIT,SAVINGS,PRIMARY,2026-01-03,ACTIVE,,0.0
A-00293,ACC0000249,0.0,0,,False,CARD,CREDIT_CARD,PRIMARY,2025-03-11,ACTIVE,,0.0
A-00294,ACC0009502,46.6,2,"M-ANOM-DEP, R-DEP-05",True,DEPOSIT,CHECKING,PRIMARY,2023-04-26,ACTIVE,P002041 (JOINT),0.555
A-00294,ACC0009503,37.3,2,"M-ANOM-DEP, R-DEP-05",True,DEPOSIT,SAVINGS,PRIMARY,2023-04-23,ACTIVE,,0.445
A-00294,ACC0009504,0.0,0,,False,CARD,CREDIT_CARD,PRIMARY,2025-08-10,ACTIVE,,0.0
A-00295,ACC0010729,73.8,3,"M-ANOM-LN, R-LN-01, R-XP-01",True,LOAN,PERSONAL_LOAN,PRIMARY,2025-07-08,PAID_OFF,,0.881
A-00295,ACC0002212,0.0,0,,False,DEPOSIT,CHECKING,PRIMARY,2019-06-25,ACTIVE,,0.0
A-00295,ACC0002213,0.0,0,,False,LOAN,PERSONAL_LOAN,PRIMARY,2024-09-09,ACTIVE,P005482 (CO_BORROWER),0.0
A-00296,ACC0010222,78.6,3,"M-ANOM-DEP, R-DEP-03, R-DEP-06",True,DEPOSIT,CHECKING,PRIMARY,2018-10-30,ACTIVE,,1.0
A-00297,ACC0002934,58.7,3,"M-ANOM-DEP, R-DEP-01",True,DEPOSIT,CHECKING,PRIMARY,2017-03-26,ACTIVE,,1.0
A-00297,ACC0002935,0.0,0,,False,DEPOSIT,CD,PRIMARY,2013-05-31,ACTIVE,,0.0
A-00298,ACC0007026,53.0,2,"M-ANOM-DEP, R-DEP-02",True,DEPOSIT,CHECKING,PRIMARY,2013-07-15,ACTIVE,,1.0
A-00298,ACC0007027,0.0,0,,False,CARD,CREDIT_CARD,PRIMARY,2014-11-20,ACTIVE,,0.0
A-00299,ACC0008655,52.5,2,"M-ANOM-DEP, R-DEP-02",True,DEPOSIT,CHECKING,PRIMARY,2018-01-06,ACTIVE,,1.0
A-00300,ACC0010058,49.5,2,"M-ANOM-DEP, R-DEP-02",True,DEPOSIT,CHECKING,PRIMARY,2024-09-09,ACTIVE,,1.0
A-00300,ACC0010059,0.0,0,,False,DEPOSIT,SAVINGS,PRIMARY,2022-01-05,ACTIVE,,0.0
A-00300,ACC0010060,0.0,0,,False,CARD,CREDIT_CARD,PRIMARY,2023-04-06,ACTIVE,,0.0
A-00301,ACC0005436,49.0,2,"M-ANOM-LN, R-LN-01",True,LOAN,AUTO_LOAN,PRIMARY,2026-05-19,PAID_OFF,,1.0
A-00301,ACC0005435,0.0,0,,False,CARD,CREDIT_CARD,PRIMARY,2022-01-10,ACTIVE,,0.0
A-00302,ACC0002472,48.9,3,"M-ANOM-DEP, R-DEP-01",True,DEPOSIT,CHECKING,PRIMARY,2022-12-21,ACTIVE,,1.0
A-00302,ACC0002473,0.0,0,,False,DEPOSIT,CD,PRIMARY,2023-07-22,ACTIVE,,0.0
A-00303,ACC0006177,48.12,3,R-DEP-01,True,DEPOSIT,CHECKING,PRIMARY,2022-06-20,ACTIVE,,1.0
A-00303,ACC0006178,0.0,0,,False,DEPOSIT,SAVINGS,PRIMARY,2021-09-10,ACTIVE,P005183 (JOINT),0.0
A-00304,ACC0010607,47.6,2,"M-ANOM-DEP, R-DEP-01",True,DEPOSIT,CHECKING,PRIMARY,2025-09-24,ACTIVE,,1.0
A-00304,ACC0010608,0.0,0,,False,DEPOSIT,SAVINGS,PRIMARY,2025-08-04,ACTIVE,P005476 (JOINT),0.0
A-00304,ACC0010609,0.0,0,,False,CARD,CREDIT_CARD,PRIMARY,2025-08-26,ACTIVE,,0.0
A-00304,ACC0010610,0.0,0,,False,LOAN,AUTO_LOAN,PRIMARY,2026-01-05,ACTIVE,,0.0
A-00305,ACC0005138,46.800000000000004,2,"M-ANOM-DEP, R-DEP-06",True,DEPOSIT,CHECKING,PRIMARY,2026-02-10,ACTIVE,,1.0
A-00305,ACC0005139,0.0,0,,False,CARD,CREDIT_CARD,PRIMARY,2026-01-04,ACTIVE,P001848 (AUTHORIZED_USER),0.0
A-00306,ACC0008609,46.2,2,"M-ANOM-CRD, R-CRD-03",True,CARD,CREDIT_CARD,PRIMARY,2026-02-01,ACTIVE,,1.0
A-00306,ACC0008607,0.0,0,,False,DEPOSIT,CHECKING,PRIMARY,2024-12-17,ACTIVE,,0.0
A-00306,ACC0008608,0.0,0,,False,DEPOSIT,SAVINGS,PRIMARY,2022-12-15,ACTIVE,P005566 (JOINT),0.0
A-00307,ACC0002496,45.6,2,"M-ANOM-DEP, R-DEP-02",True,DEPOSIT,CHECKING,PRIMARY,2024-07-02,ACTIVE,,1.0
A-00307,ACC0002497,0.0,0,,False,DEPOSIT,SAVINGS,PRIMARY,2026-01-30,ACTIVE,,0.0
A-00307,ACC0002498,0.0,0,,False,CARD,CREDIT_CARD,PRIMARY,2024-12-11,ACTIVE,P005159 (AUTHORIZED_USER),0.0
A-00307,ACC0002499,0.0,0,,False,LOAN,AUTO_LOAN,PRIMARY,2024-03-19,ACTIVE,,0.0
A-00308,ACC0000185,44.9,2,"M-ANOM-CRD, R-CRD-01",True,CARD,CREDIT_CARD,PRIMARY,2025-12-27,ACTIVE,P005284 (AUTHORIZED_USER),1.0
A-00308,ACC0000182,0.0,0,,False,DEPOSIT,CHECKING,PRIMARY,2012-12-11,ACTIVE,,0.0
A-00308,ACC0000183,0.0,0,,False,DEPOSIT,SAVINGS,PRIMARY,2017-10-13,ACTIVE,P005029 (JOINT),0.0
A-00308,ACC0000184,0.0,0,,False,DEPOSIT,CD,PRIMARY,2015-03-10,ACTIVE,,0.0
A-00308,ACC0000186,0.0,0,,False,LOAN,AUTO_LOAN,PRIMARY,2022-09-01,ACTIVE,,0.0
A-00309,ACC0006235,43.3,2,"M-ANOM-DEP, R-DEP-03",True,DEPOSIT,CHECKING,PRIMARY,2023-05-25,ACTIVE,,1.0
A-00309,ACC0006236,0.0,0,,False,DEPOSIT,SAVINGS,PRIMARY,2019-12-21,ACTIVE,,0.0
A-00309,ACC0006237,0.0,0,,False,DEPOSIT,CD,PRIMARY,2022-03-20,ACTIVE,,0.0
A-00310,ACC0006043,42.4,2,"M-ANOM-CRD, R-CRD-01",True,CARD,CREDIT_CARD,PRIMARY,2025-10-13,ACTIVE,,1.0
A-00311,ACC0008472,41.900000000000006,2,"M-ANOM-CRD, R-CRD-01",True,CARD,CREDIT_CARD,PRIMARY,2020-04-24,ACTIVE,,1.0
A-00311,ACC0008470,0.0,0,,False,DEPOSIT,CHECKING,PRIMARY,2023-05-01,ACTIVE,,0.0
A-00311,ACC0008471,0.0,0,,False,DEPOSIT,SAVINGS,PRIMARY,2025-08-08,ACTIVE,,0.0
A-00312,ACC0006620,41.3,2,"M-ANOM-DEP, R-DEP-03",True,DEPOSIT,CHECKING,PRIMARY,2024-12-27,ACTIVE,P005427 (JOINT),1.0
A-00312,ACC0006621,0.0,0,,False,CARD,CREDIT_CARD,PRIMARY,2017-12-22,ACTIVE,,0.0
A-00313,ACC0006743,40.8,2,"M-ANOM-DEP, R-DEP-01",True,DEPOSIT,CHECKING,PRIMARY,2026-03-07,ACTIVE,,1.0
A-00314,ACC0002375,39.7,2,"M-ANOM-CRD, R-CRD-01",True,CARD,CREDIT_CARD,PRIMARY,2009-01-06,ACTIVE,,1.0
A-00314,ACC0002374,0.0,0,,False,DEPOSIT,CHECKING,PRIMARY,2020-09-26,ACTIVE,,0.0
A-00315,ACC0001497,37.900000000000006,2,"M-ANOM-CRD, R-CRD-01",True,CARD,CREDIT_CARD,PRIMARY,2025-12-21,ACTIVE,,1.0
A-00315,ACC0001498,0.0,0,,False,LOAN,MORTGAGE,PRIMARY,2024-06-08,ACTIVE,,0.0
A-00316,ACC0006058,37.9,1,R-DEP-06,True,DEPOSIT,CHECKING,PRIMARY,2014-02-08,ACTIVE,,1.0
A-00317,ACC0001406,37.3,2,"M-ANOM-DEP, R-DEP-03",True,DEPOSIT,CHECKING,PRIMARY,2022-12-07,ACTIVE,,1.0
A-00318,ACC0006585,37.099999999999994,2,"M-ANOM-CRD, R-CRD-01",True,CARD,CREDIT_CARD,PRIMARY,2017-08-23,ACTIVE,,1.0
A-00318,ACC0006582,0.0,0,,False,DEPOSIT,CHECKING,PRIMARY,2018-01-31,ACTIVE,,0.0
A-00318,ACC0006583,0.0,0,,False,DEPOSIT,SAVINGS,PRIMARY,2021-09-10,ACTIVE,,0.0
A-00318,ACC0006584,0.0,0,,False,DEPOSIT,CD,PRIMARY,2017-07-26,ACTIVE,,0.0
A-00318,ACC0006586,0.0,0,,False,LOAN,PERSONAL_LOAN,PRIMARY,2023-11-07,ACTIVE,,0.0
A-00319,ACC0001255,36.900000000000006,2,"M-ANOM-CRD, R-CRD-01",True,CARD,CREDIT_CARD,PRIMARY,2025-08-06,ACTIVE,P004955 (AUTHORIZED_USER),1.0
A-00319,ACC0001254,0.0,0,,False,DEPOSIT,CHECKING,PRIMARY,2026-03-20,ACTIVE,,0.0
A-00319,ACC0001256,0.0,0,,False,LOAN,MORTGAGE,PRIMARY,2025-12-31,ACTIVE,,0.0
A-00320,ACC0007120,35.2,2,"M-ANOM-CRD, R-CRD-01",True,CARD,CREDIT_CARD,PRIMARY,2015-08-21,ACTIVE,,1.0
A-00320,ACC0007121,0.0,0,,False,LOAN,PERSONAL_LOAN,PRIMARY,2023-06-27,ACTIVE,,0.0
A-00321,ACC0002178,35.0,2,"M-ANOM-CRD, R-CRD-01",True,CARD,CREDIT_CARD,PRIMARY,2024-09-07,ACTIVE,P005245 (AUTHORIZED_USER),1.0
A-00321,ACC0002176,0.0,0,,False,DEPOSIT,CHECKING,PRIMARY,2025-12-22,ACTIVE,P005560 (JOINT),0.0
A-00321,ACC0002177,0.0,0,,False,DEPOSIT,SAVINGS,PRIMARY,2024-11-19,ACTIVE,,0.0
A-00321,ACC0002179,0.0,0,,False,LOAN,AUTO_LOAN,PRIMARY,2025-08-08,ACTIVE,,0.0
