scheme_id,typology,intensity,primary_party_id,party_ids,account_ids,months,n_txns
SCH0001,STRUCT,STRONG,P001248,P001248,"ACC0002684,ACC0002685","2026-04,2026-05,2026-06",33
SCH0002,STRUCT,SUBTLE,P002586,P002586,ACC0005539,"2026-05,2026-06",18
SCH0003,STRUCT,STRONG,P002858,P002858,ACC0010706,"2026-05,2026-06,2026-07",41
SCH0004,STRUCT,STRONG,P004897,P004897,ACC0010483,"2026-04,2026-05,2026-06",43
SCH0005,STRUCT,STRONG,P004870,P004870,"ACC0010429,ACC0010430","2026-08,2026-09",33
SCH0006,STRUCT,STRONG,P001369,P001369,"ACC0002939,ACC0002940","2026-06,2026-07",27
SCH0007,STRUCT,STRONG,P001195,P001195,ACC0002572,"2026-05,2026-06",26
SCH0008,STRUCT,SUBTLE,P004437,P004437,"ACC0009502,ACC0009503","2026-08,2026-09",25
SCH0009,RAPID_MOVE,STRONG,P000233,P000233,ACC0000477,"2026-05,2026-06",8
SCH0010,RAPID_MOVE,STRONG,P004442,P004442,ACC0009516,"2026-07,2026-08",14
SCH0011,RAPID_MOVE,STRONG,P002393,P002393,ACC0005133,"2026-04,2026-05,2026-06",10
SCH0012,RAPID_MOVE,STRONG,P002469,P002469,ACC0005303,"2026-07,2026-08",16
SCH0013,RAPID_MOVE,STRONG,P003923,P003923,ACC0008361,"2026-04,2026-05",8
SCH0014,RAPID_MOVE,STRONG,P002744,P002744,ACC0005886,"2026-05,2026-06",16
SCH0015,FUNNEL,STRONG,P000469,P000469,ACC0000997,"2026-04,2026-05,2026-06",80
SCH0016,FUNNEL,STRONG,P002479,P002479,ACC0010707,"2026-05,2026-06",76
SCH0017,FUNNEL,STRONG,P004078,P004078,ACC0008704,"2026-05,2026-06,2026-07",76
SCH0018,FUNNEL,STRONG,P001446,P001446,ACC0003102,"2026-05,2026-06,2026-07",95
SCH0019,FUNNEL,STRONG,P003577,P003577,ACC0007618,"2026-07,2026-08",75
SCH0020,MULE_RING,STRONG,P000581,"P000581,P002632,P001312,P001901,P001597,P001886,P001509","ACC0001257,ACC0005642,ACC0002820,ACC0004079,ACC0003436,ACC0004045,ACC0010708","2026-05,2026-06,2026-07",288
SCH0021,MULE_RING,STRONG,P002559,"P002559,P000602,P000348,P004782,P001741,P003760,P000477","ACC0005493,ACC0001301,ACC0010709,ACC0010242,ACC0010710,ACC0008016,ACC0001022","2026-04,2026-05,2026-06,2026-07",351
SCH0022,MULE_RING,STRONG,P004771,"P004771,P001954,P001749,P002825,P004836,P002132","ACC0010222,ACC0004188,ACC0003754,ACC0006058,ACC0010355,ACC0004557","2026-08,2026-09",208
SCH0023,HR_WIRE,STRONG,P002110,P002110,ACC0010711,"2026-05,2026-06,2026-07",5
SCH0024,HR_WIRE,STRONG,P000958,P000958,ACC0002063,"2026-06,2026-07,2026-08",7
SCH0025,HR_WIRE,SUBTLE,P003794,P003794,ACC0008080,"2026-06,2026-07,2026-08",5
SCH0026,HR_WIRE,SUBTLE,P003511,P003511,ACC0007479,"2026-04,2026-05",4
SCH0027,HR_WIRE,STRONG,P001974,P001974,ACC0004234,"2026-04,2026-05,2026-06,2026-07",5
SCH0028,DORMANT,STRONG,P002904,P002904,"ACC0010712,ACC0006219","2026-08,2026-09",8
SCH0029,DORMANT,STRONG,P004783,P004783,"ACC0010713,ACC0010243","2026-07,2026-08",12
SCH0030,DORMANT,STRONG,P003385,P003385,"ACC0010714,ACC0007226","2026-07,2026-08",12
SCH0031,DORMANT,STRONG,P001398,P001398,"ACC0010715,ACC0003004","2026-08,2026-09",12
SCH0032,CASH_PROFILE,STRONG,P003081,P003081,ACC0006597,"2026-07,2026-08",18
SCH0033,CASH_PROFILE,STRONG,P001831,P001831,ACC0003919,"2026-06,2026-07,2026-08",29
SCH0034,CASH_PROFILE,SUBTLE,P004838,P004838,ACC0010361,"2026-05,2026-06,2026-07",19
SCH0035,CASH_PROFILE,STRONG,P003744,P003744,ACC0007973,"2026-07,2026-08",20
SCH0036,CASH_PROFILE,SUBTLE,P000153,P000153,ACC0000314,"2026-07,2026-08",13
SCH0037,CC_OVERPAY_REFUND,STRONG,P001651,P001651,"ACC0010716,ACC0003557","2026-04,2026-05,2026-06",8
SCH0038,CC_OVERPAY_REFUND,STRONG,P003555,P003555,"ACC0010717,ACC0007575","2026-06,2026-07,2026-08",7
SCH0039,CC_OVERPAY_REFUND,SUBTLE,P000061,P000061,"ACC0010718,ACC0000117","2026-04,2026-05,2026-06",7
SCH0040,CC_OVERPAY_REFUND,STRONG,P000465,P000465,"ACC0000987,ACC0000985","2026-06,2026-07",8
SCH0041,CC_CASH_ADV,STRONG,P004206,P004206,"ACC0008979,ACC0008978","2026-06,2026-07,2026-08",15
SCH0042,CC_CASH_ADV,SUBTLE,P002056,P002056,"ACC0010719,ACC0004396","2026-06,2026-07,2026-08",9
SCH0043,CC_CASH_ADV,STRONG,P003840,P003840,"ACC0008186,ACC0008185","2026-07,2026-08",13
SCH0044,CC_3P_PAY,STRONG,P004031,P004031,"ACC0008609,ACC0008607","2026-07,2026-08,2026-09",47
SCH0045,CC_3P_PAY,SUBTLE,P004189,P004189,"ACC0010720,ACC0008945","2026-05,2026-06",12
SCH0046,CC_3P_PAY,STRONG,P003271,P003271,"ACC0010721,ACC0006982","2026-06,2026-07",37
SCH0047,CC_HRMCC,STRONG,P002653,P002653,"ACC0010722,ACC0010723","2026-06,2026-07",28
SCH0048,CC_HRMCC,STRONG,P002422,P002422,"ACC0010724,ACC0005198","2026-05,2026-06,2026-07",80
SCH0049,CC_HRMCC,STRONG,P002558,P002558,"ACC0005491,ACC0010725","2026-05,2026-06,2026-07",54
SCH0050,CC_BUSTOUT,STRONG,P000662,P000662,"ACC0001425,ACC0001424",2026-05,41
SCH0051,CC_BUSTOUT,SUBTLE,P002970,P002970,"ACC0010726,ACC0006352",2026-06,11
SCH0052,LN_EARLY_PAYOFF,STRONG,P004500,P004500,"ACC0010727,ACC0009638","2026-06,2026-07",7
SCH0053,LN_EARLY_PAYOFF,STRONG,P002823,P002823,"ACC0010728,ACC0006051","2026-07,2026-08",1
SCH0054,LN_EARLY_PAYOFF,STRONG,P001026,P001026,"ACC0010729,ACC0002212","2026-08,2026-09",5
SCH0055,LN_RAPID_OUT,STRONG,P001052,P001052,"ACC0010730,ACC0002260",2026-08,5
SCH0056,LN_RAPID_OUT,SUBTLE,P002866,P002866,"ACC0010732,ACC0010731",2026-07,3
SCH0057,LN_RAPID_OUT,SUBTLE,P000424,P000424,"ACC0010733,ACC0000894",2026-04,3
SCH0058,LN_3P_REPAY,STRONG,P002202,P002202,ACC0004730,"2026-06,2026-07,2026-08,2026-09",11
SCH0059,LN_3P_REPAY,STRONG,P003608,P003608,ACC0010734,"2026-06,2026-07,2026-08,2026-09",8
SCH0060,XP_CASH_TO_CREDIT,STRONG,P000830,P000830,"ACC0010735,ACC0001793","2026-05,2026-06,2026-07",40
SCH0061,XP_CASH_TO_CREDIT,STRONG,P002538,P002538,"ACC0010736,ACC0005445","2026-06,2026-07,2026-08",54
SCH0062,XP_CASH_TO_CREDIT,STRONG,P000925,P000925,"ACC0002000,ACC0001998","2026-05,2026-06,2026-07",58
SCH0063,XP_CASH_TO_CREDIT,SUBTLE,P003044,P003044,"ACC0006521,ACC0006519","2026-07,2026-08,2026-09",35
SCH0064,XP_CASH_TO_CREDIT,STRONG,P002505,P002505,"ACC0010737,ACC0005374","2026-06,2026-07,2026-08",39
SCH0065,JOINT_BAD_ACTOR,STRONG,P005590,"P005590,P001697",ACC0003646,"2026-05,2026-06,2026-07",35
SCH0066,JOINT_BAD_ACTOR,SUBTLE,P005126,"P005126,P001779",ACC0010738,"2026-04,2026-05,2026-06",24
SCH0067,JOINT_BAD_ACTOR,SUBTLE,P005369,"P005369,P003141",ACC0010739,"2026-05,2026-06",15
SCH0068,THIN_SPREAD,STRONG,P004934,P004934,"ACC0010562,ACC0010563,ACC0010564","2026-05,2026-06,2026-07",52
SCH0069,THIN_SPREAD,STRONG,P001097,P001097,"ACC0010740,ACC0010741,ACC0010742,ACC0002357","2026-04,2026-05,2026-06",56
SCH0070,THIN_SPREAD,SUBTLE,P001997,P001997,"ACC0004276,ACC0010743,ACC0010744","2026-04,2026-05,2026-06",59
SCH0071,THIN_SPREAD,SUBTLE,P000634,P000634,"ACC0001363,ACC0010745,ACC0010746","2026-07,2026-08,2026-09",51
